date_key,calendar_date,year,quarter,month,month_name,week_of_year,day_of_week,is_weekend,month_start_date,month_end_date
20230101,2023-01-01,2023,1,1,January,52,7,True,2023-01-01,2023-01-31
20230102,2023-01-02,2023,1,1,January,1,1,False,2023-01-01,2023-01-31
20230103,2023-01-03,2023,1,1,January,1,2,False,2023-01-01,2023-01-31
20230104,2023-01-04,2023,1,1,January,1,3,False,2023-01-01,2023-01-31
20230105,2023-01-05,2023,1,1,January,1,4,False,2023-01-01,2023-01-31
20230106,2023-01-06,2023,1,1,January,1,5,False,2023-01-01,2023-01-31
20230107,2023-01-07,2023,1,1,January,1,6,True,2023-01-01,2023-01-31
20230108,2023-01-08,2023,1,1,January,1,7,True,2023-01-01,2023-01-31
20230109,2023-01-09,2023,1,1,January,2,1,False,2023-01-01,2023-01-31
20230110,2023-01-10,2023,1,1,January,2,2,False,2023-01-01,2023-01-31
20230111,2023-01-11,2023,1,1,January,2,3,False,2023-01-01,2023-01-31
20230112,2023-01-12,2023,1,1,January,2,4,False,2023-01-01,2023-01-31
20230113,2023-01-13,2023,1,1,January,2,5,False,2023-01-01,2023-01-31
20230114,2023-01-14,2023,1,1,January,2,6,True,2023-01-01,2023-01-31
20230115,2023-01-15,2023,1,1,January,2,7,True,2023-01-01,2023-01-31
20230116,2023-01-16,2023,1,1,January,3,1,False,2023-01-01,2023-01-31
20230117,2023-01-17,2023,1,1,January,3,2,False,2023-01-01,2023-01-31
20230118,2023-01-18,2023,1,1,January,3,3,False,2023-01-01,2023-01-31
20230119,2023-01-19,2023,1,1,January,3,4,False,2023-01-01,2023-01-31
20230120,2023-01-20,2023,1,1,January,3,5,False,2023-01-01,2023-01-31
20230121,2023-01-21,2023,1,1,January,3,6,True,2023-01-01,2023-01-31
20230122,2023-01-22,2023,1,1,January,3,7,True,2023-01-01,2023-01-31
20230123,2023-01-23,2023,1,1,January,4,1,False,2023-01-01,2023-01-31
20230124,2023-01-24,2023,1,1,January,4,2,False,2023-01-01,2023-01-31
20230125,2023-01-25,2023,1,1,January,4,3,False,2023-01-01,2023-01-31
20230126,2023-01-26,2023,1,1,January,4,4,False,2023-01-01,2023-01-31
20230127,2023-01-27,2023,1,1,January,4,5,False,2023-01-01,2023-01-31
20230128,2023-01-28,2023,1,1,January,4,6,True,2023-01-01,2023-01-31
20230129,2023-01-29,2023,1,1,January,4,7,True,2023-01-01,2023-01-31
20230130,2023-01-30,2023,1,1,January,5,1,False,2023-01-01,2023-01-31
20230131,2023-01-31,2023,1,1,January,5,2,False,2023-01-01,2023-01-31
20230201,2023-02-01,2023,1,2,February,5,3,False,2023-02-01,2023-02-28
20230202,2023-02-02,2023,1,2,February,5,4,False,2023-02-01,2023-02-28
20230203,2023-02-03,2023,1,2,February,5,5,False,2023-02-01,2023-02-28
20230204,2023-02-04,2023,1,2,February,5,6,True,2023-02-01,2023-02-28
20230205,2023-02-05,2023,1,2,February,5,7,True,2023-02-01,2023-02-28
20230206,2023-02-06,2023,1,2,February,6,1,False,2023-02-01,2023-02-28
20230207,2023-02-07,2023,1,2,February,6,2,False,2023-02-01,2023-02-28
20230208,2023-02-08,2023,1,2,February,6,3,False,2023-02-01,2023-02-28
20230209,2023-02-09,2023,1,2,February,6,4,False,2023-02-01,2023-02-28
20230210,2023-02-10,2023,1,2,February,6,5,False,2023-02-01,2023-02-28
20230211,2023-02-11,2023,1,2,February,6,6,True,2023-02-01,2023-02-28
20230212,2023-02-12,2023,1,2,February,6,7,True,2023-02-01,2023-02-28
20230213,2023-02-13,2023,1,2,February,7,1,False,2023-02-01,2023-02-28
20230214,2023-02-14,2023,1,2,February,7,2,False,2023-02-01,2023-02-28
20230215,2023-02-15,2023,1,2,February,7,3,False,2023-02-01,2023-02-28
20230216,2023-02-16,2023,1,2,February,7,4,False,2023-02-01,2023-02-28
20230217,2023-02-17,2023,1,2,February,7,5,False,2023-02-01,2023-02-28
20230218,2023-02-18,2023,1,2,February,7,6,True,2023-02-01,2023-02-28
20230219,2023-02-19,2023,1,2,February,7,7,True,2023-02-01,2023-02-28
20230220,2023-02-20,2023,1,2,February,8,1,False,2023-02-01,2023-02-28
20230221,2023-02-21,2023,1,2,February,8,2,False,2023-02-01,2023-02-28
20230222,2023-02-22,2023,1,2,February,8,3,False,2023-02-01,2023-02-28
20230223,2023-02-23,2023,1,2,February,8,4,False,2023-02-01,2023-02-28
20230224,2023-02-24,2023,1,2,February,8,5,False,2023-02-01,2023-02-28
20230225,2023-02-25,2023,1,2,February,8,6,True,2023-02-01,2023-02-28
20230226,2023-02-26,2023,1,2,February,8,7,True,2023-02-01,2023-02-28
20230227,2023-02-27,2023,1,2,February,9,1,False,2023-02-01,2023-02-28
20230228,2023-02-28,2023,1,2,February,9,2,False,2023-02-01,2023-02-28
20230301,2023-03-01,2023,1,3,March,9,3,False,2023-03-01,2023-03-31
20230302,2023-03-02,2023,1,3,March,9,4,False,2023-03-01,2023-03-31
20230303,2023-03-03,2023,1,3,March,9,5,False,2023-03-01,2023-03-31
20230304,2023-03-04,2023,1,3,March,9,6,True,2023-03-01,2023-03-31
20230305,2023-03-05,2023,1,3,March,9,7,True,2023-03-01,2023-03-31
20230306,2023-03-06,2023,1,3,March,10,1,False,2023-03-01,2023-03-31
20230307,2023-03-07,2023,1,3,March,10,2,False,2023-03-01,2023-03-31
20230308,2023-03-08,2023,1,3,March,10,3,False,2023-03-01,2023-03-31
20230309,2023-03-09,2023,1,3,March,10,4,False,2023-03-01,2023-03-31
20230310,2023-03-10,2023,1,3,March,10,5,False,2023-03-01,2023-03-31
20230311,2023-03-11,2023,1,3,March,10,6,True,2023-03-01,2023-03-31
20230312,2023-03-12,2023,1,3,March,10,7,True,2023-03-01,2023-03-31
20230313,2023-03-13,2023,1,3,March,11,1,False,2023-03-01,2023-03-31
20230314,2023-03-14,2023,1,3,March,11,2,False,2023-03-01,2023-03-31
20230315,2023-03-15,2023,1,3,March,11,3,False,2023-03-01,2023-03-31
20230316,2023-03-16,2023,1,3,March,11,4,False,2023-03-01,2023-03-31
20230317,2023-03-17,2023,1,3,March,11,5,False,2023-03-01,2023-03-31
20230318,2023-03-18,2023,1,3,March,11,6,True,2023-03-01,2023-03-31
20230319,2023-03-19,2023,1,3,March,11,7,True,2023-03-01,2023-03-31
20230320,2023-03-20,2023,1,3,March,12,1,False,2023-03-01,2023-03-31
20230321,2023-03-21,2023,1,3,March,12,2,False,2023-03-01,2023-03-31
20230322,2023-03-22,2023,1,3,March,12,3,False,2023-03-01,2023-03-31
20230323,2023-03-23,2023,1,3,March,12,4,False,2023-03-01,2023-03-31
20230324,2023-03-24,2023,1,3,March,12,5,False,2023-03-01,2023-03-31
20230325,2023-03-25,2023,1,3,March,12,6,True,2023-03-01,2023-03-31
20230326,2023-03-26,2023,1,3,March,12,7,True,2023-03-01,2023-03-31
20230327,2023-03-27,2023,1,3,March,13,1,False,2023-03-01,2023-03-31
20230328,2023-03-28,2023,1,3,March,13,2,False,2023-03-01,2023-03-31
20230329,2023-03-29,2023,1,3,March,13,3,False,2023-03-01,2023-03-31
20230330,2023-03-30,2023,1,3,March,13,4,False,2023-03-01,2023-03-31
20230331,2023-03-31,2023,1,3,March,13,5,False,2023-03-01,2023-03-31
20230401,2023-04-01,2023,2,4,April,13,6,True,2023-04-01,2023-04-30
20230402,2023-04-02,2023,2,4,April,13,7,True,2023-04-01,2023-04-30
20230403,2023-04-03,2023,2,4,April,14,1,False,2023-04-01,2023-04-30
20230404,2023-04-04,2023,2,4,April,14,2,False,2023-04-01,2023-04-30
20230405,2023-04-05,2023,2,4,April,14,3,False,2023-04-01,2023-04-30
20230406,2023-04-06,2023,2,4,April,14,4,False,2023-04-01,2023-04-30
20230407,2023-04-07,2023,2,4,April,14,5,False,2023-04-01,2023-04-30
20230408,2023-04-08,2023,2,4,April,14,6,True,2023-04-01,2023-04-30
20230409,2023-04-09,2023,2,4,April,14,7,True,2023-04-01,2023-04-30
20230410,2023-04-10,2023,2,4,April,15,1,False,2023-04-01,2023-04-30
20230411,2023-04-11,2023,2,4,April,15,2,False,2023-04-01,2023-04-30
20230412,2023-04-12,2023,2,4,April,15,3,False,2023-04-01,2023-04-30
20230413,2023-04-13,2023,2,4,April,15,4,False,2023-04-01,2023-04-30
20230414,2023-04-14,2023,2,4,April,15,5,False,2023-04-01,2023-04-30
20230415,2023-04-15,2023,2,4,April,15,6,True,2023-04-01,2023-04-30
20230416,2023-04-16,2023,2,4,April,15,7,True,2023-04-01,2023-04-30
20230417,2023-04-17,2023,2,4,April,16,1,False,2023-04-01,2023-04-30
20230418,2023-04-18,2023,2,4,April,16,2,False,2023-04-01,2023-04-30
20230419,2023-04-19,2023,2,4,April,16,3,False,2023-04-01,2023-04-30
20230420,2023-04-20,2023,2,4,April,16,4,False,2023-04-01,2023-04-30
20230421,2023-04-21,2023,2,4,April,16,5,False,2023-04-01,2023-04-30
20230422,2023-04-22,2023,2,4,April,16,6,True,2023-04-01,2023-04-30
20230423,2023-04-23,2023,2,4,April,16,7,True,2023-04-01,2023-04-30
20230424,2023-04-24,2023,2,4,April,17,1,False,2023-04-01,2023-04-30
20230425,2023-04-25,2023,2,4,April,17,2,False,2023-04-01,2023-04-30
20230426,2023-04-26,2023,2,4,April,17,3,False,2023-04-01,2023-04-30
20230427,2023-04-27,2023,2,4,April,17,4,False,2023-04-01,2023-04-30
20230428,2023-04-28,2023,2,4,April,17,5,False,2023-04-01,2023-04-30
20230429,2023-04-29,2023,2,4,April,17,6,True,2023-04-01,2023-04-30
20230430,2023-04-30,2023,2,4,April,17,7,True,2023-04-01,2023-04-30
20230501,2023-05-01,2023,2,5,May,18,1,False,2023-05-01,2023-05-31
20230502,2023-05-02,2023,2,5,May,18,2,False,2023-05-01,2023-05-31
20230503,2023-05-03,2023,2,5,May,18,3,False,2023-05-01,2023-05-31
20230504,2023-05-04,2023,2,5,May,18,4,False,2023-05-01,2023-05-31
20230505,2023-05-05,2023,2,5,May,18,5,False,2023-05-01,2023-05-31
20230506,2023-05-06,2023,2,5,May,18,6,True,2023-05-01,2023-05-31
20230507,2023-05-07,2023,2,5,May,18,7,True,2023-05-01,2023-05-31
20230508,2023-05-08,2023,2,5,May,19,1,False,2023-05-01,2023-05-31
20230509,2023-05-09,2023,2,5,May,19,2,False,2023-05-01,2023-05-31
20230510,2023-05-10,2023,2,5,May,19,3,False,2023-05-01,2023-05-31
20230511,2023-05-11,2023,2,5,May,19,4,False,2023-05-01,2023-05-31
20230512,2023-05-12,2023,2,5,May,19,5,False,2023-05-01,2023-05-31
20230513,2023-05-13,2023,2,5,May,19,6,True,2023-05-01,2023-05-31
20230514,2023-05-14,2023,2,5,May,19,7,True,2023-05-01,2023-05-31
20230515,2023-05-15,2023,2,5,May,20,1,False,2023-05-01,2023-05-31
20230516,2023-05-16,2023,2,5,May,20,2,False,2023-05-01,2023-05-31
20230517,2023-05-17,2023,2,5,May,20,3,False,2023-05-01,2023-05-31
20230518,2023-05-18,2023,2,5,May,20,4,False,2023-05-01,2023-05-31
20230519,2023-05-19,2023,2,5,May,20,5,False,2023-05-01,2023-05-31
20230520,2023-05-20,2023,2,5,May,20,6,True,2023-05-01,2023-05-31
20230521,2023-05-21,2023,2,5,May,20,7,True,2023-05-01,2023-05-31
20230522,2023-05-22,2023,2,5,May,21,1,False,2023-05-01,2023-05-31
20230523,2023-05-23,2023,2,5,May,21,2,False,2023-05-01,2023-05-31
20230524,2023-05-24,2023,2,5,May,21,3,False,2023-05-01,2023-05-31
20230525,2023-05-25,2023,2,5,May,21,4,False,2023-05-01,2023-05-31
20230526,2023-05-26,2023,2,5,May,21,5,False,2023-05-01,2023-05-31
20230527,2023-05-27,2023,2,5,May,21,6,True,2023-05-01,2023-05-31
20230528,2023-05-28,2023,2,5,May,21,7,True,2023-05-01,2023-05-31
20230529,2023-05-29,2023,2,5,May,22,1,False,2023-05-01,2023-05-31
20230530,2023-05-30,2023,2,5,May,22,2,False,2023-05-01,2023-05-31
20230531,2023-05-31,2023,2,5,May,22,3,False,2023-05-01,2023-05-31
20230601,2023-06-01,2023,2,6,June,22,4,False,2023-06-01,2023-06-30
20230602,2023-06-02,2023,2,6,June,22,5,False,2023-06-01,2023-06-30
20230603,2023-06-03,2023,2,6,June,22,6,True,2023-06-01,2023-06-30
20230604,2023-06-04,2023,2,6,June,22,7,True,2023-06-01,2023-06-30
20230605,2023-06-05,2023,2,6,June,23,1,False,2023-06-01,2023-06-30
20230606,2023-06-06,2023,2,6,June,23,2,False,2023-06-01,2023-06-30
20230607,2023-06-07,2023,2,6,June,23,3,False,2023-06-01,2023-06-30
20230608,2023-06-08,2023,2,6,June,23,4,False,2023-06-01,2023-06-30
20230609,2023-06-09,2023,2,6,June,23,5,False,2023-06-01,2023-06-30
20230610,2023-06-10,2023,2,6,June,23,6,True,2023-06-01,2023-06-30
20230611,2023-06-11,2023,2,6,June,23,7,True,2023-06-01,2023-06-30
20230612,2023-06-12,2023,2,6,June,24,1,False,2023-06-01,2023-06-30
20230613,2023-06-13,2023,2,6,June,24,2,False,2023-06-01,2023-06-30
20230614,2023-06-14,2023,2,6,June,24,3,False,2023-06-01,2023-06-30
20230615,2023-06-15,2023,2,6,June,24,4,False,2023-06-01,2023-06-30
20230616,2023-06-16,2023,2,6,June,24,5,False,2023-06-01,2023-06-30
20230617,2023-06-17,2023,2,6,June,24,6,True,2023-06-01,2023-06-30
20230618,2023-06-18,2023,2,6,June,24,7,True,2023-06-01,2023-06-30
20230619,2023-06-19,2023,2,6,June,25,1,False,2023-06-01,2023-06-30
20230620,2023-06-20,2023,2,6,June,25,2,False,2023-06-01,2023-06-30
20230621,2023-06-21,2023,2,6,June,25,3,False,2023-06-01,2023-06-30
20230622,2023-06-22,2023,2,6,June,25,4,False,2023-06-01,2023-06-30
20230623,2023-06-23,2023,2,6,June,25,5,False,2023-06-01,2023-06-30
20230624,2023-06-24,2023,2,6,June,25,6,True,2023-06-01,2023-06-30
20230625,2023-06-25,2023,2,6,June,25,7,True,2023-06-01,2023-06-30
20230626,2023-06-26,2023,2,6,June,26,1,False,2023-06-01,2023-06-30
20230627,2023-06-27,2023,2,6,June,26,2,False,2023-06-01,2023-06-30
20230628,2023-06-28,2023,2,6,June,26,3,False,2023-06-01,2023-06-30
20230629,2023-06-29,2023,2,6,June,26,4,False,2023-06-01,2023-06-30
20230630,2023-06-30,2023,2,6,June,26,5,False,2023-06-01,2023-06-30
20230701,2023-07-01,2023,3,7,July,26,6,True,2023-07-01,2023-07-31
20230702,2023-07-02,2023,3,7,July,26,7,True,2023-07-01,2023-07-31
20230703,2023-07-03,2023,3,7,July,27,1,False,2023-07-01,2023-07-31
20230704,2023-07-04,2023,3,7,July,27,2,False,2023-07-01,2023-07-31
20230705,2023-07-05,2023,3,7,July,27,3,False,2023-07-01,2023-07-31
20230706,2023-07-06,2023,3,7,July,27,4,False,2023-07-01,2023-07-31
20230707,2023-07-07,2023,3,7,July,27,5,False,2023-07-01,2023-07-31
20230708,2023-07-08,2023,3,7,July,27,6,True,2023-07-01,2023-07-31
20230709,2023-07-09,2023,3,7,July,27,7,True,2023-07-01,2023-07-31
20230710,2023-07-10,2023,3,7,July,28,1,False,2023-07-01,2023-07-31
20230711,2023-07-11,2023,3,7,July,28,2,False,2023-07-01,2023-07-31
20230712,2023-07-12,2023,3,7,July,28,3,False,2023-07-01,2023-07-31
20230713,2023-07-13,2023,3,7,July,28,4,False,2023-07-01,2023-07-31
20230714,2023-07-14,2023,3,7,July,28,5,False,2023-07-01,2023-07-31
20230715,2023-07-15,2023,3,7,July,28,6,True,2023-07-01,2023-07-31
20230716,2023-07-16,2023,3,7,July,28,7,True,2023-07-01,2023-07-31
20230717,2023-07-17,2023,3,7,July,29,1,False,2023-07-01,2023-07-31
20230718,2023-07-18,2023,3,7,July,29,2,False,2023-07-01,2023-07-31
20230719,2023-07-19,2023,3,7,July,29,3,False,2023-07-01,2023-07-31
20230720,2023-07-20,2023,3,7,July,29,4,False,2023-07-01,2023-07-31
20230721,2023-07-21,2023,3,7,July,29,5,False,2023-07-01,2023-07-31
20230722,2023-07-22,2023,3,7,July,29,6,True,2023-07-01,2023-07-31
20230723,2023-07-23,2023,3,7,July,29,7,True,2023-07-01,2023-07-31
20230724,2023-07-24,2023,3,7,July,30,1,False,2023-07-01,2023-07-31
20230725,2023-07-25,2023,3,7,July,30,2,False,2023-07-01,2023-07-31
20230726,2023-07-26,2023,3,7,July,30,3,False,2023-07-01,2023-07-31
20230727,2023-07-27,2023,3,7,July,30,4,False,2023-07-01,2023-07-31
20230728,2023-07-28,2023,3,7,July,30,5,False,2023-07-01,2023-07-31
20230729,2023-07-29,2023,3,7,July,30,6,True,2023-07-01,2023-07-31
20230730,2023-07-30,2023,3,7,July,30,7,True,2023-07-01,2023-07-31
20230731,2023-07-31,2023,3,7,July,31,1,False,2023-07-01,2023-07-31
20230801,2023-08-01,2023,3,8,August,31,2,False,2023-08-01,2023-08-31
20230802,2023-08-02,2023,3,8,August,31,3,False,2023-08-01,2023-08-31
20230803,2023-08-03,2023,3,8,August,31,4,False,2023-08-01,2023-08-31
20230804,2023-08-04,2023,3,8,August,31,5,False,2023-08-01,2023-08-31
20230805,2023-08-05,2023,3,8,August,31,6,True,2023-08-01,2023-08-31
20230806,2023-08-06,2023,3,8,August,31,7,True,2023-08-01,2023-08-31
20230807,2023-08-07,2023,3,8,August,32,1,False,2023-08-01,2023-08-31
20230808,2023-08-08,2023,3,8,August,32,2,False,2023-08-01,2023-08-31
20230809,2023-08-09,2023,3,8,August,32,3,False,2023-08-01,2023-08-31
20230810,2023-08-10,2023,3,8,August,32,4,False,2023-08-01,2023-08-31
20230811,2023-08-11,2023,3,8,August,32,5,False,2023-08-01,2023-08-31
20230812,2023-08-12,2023,3,8,August,32,6,True,2023-08-01,2023-08-31
20230813,2023-08-13,2023,3,8,August,32,7,True,2023-08-01,2023-08-31
20230814,2023-08-14,2023,3,8,August,33,1,False,2023-08-01,2023-08-31
20230815,2023-08-15,2023,3,8,August,33,2,False,2023-08-01,2023-08-31
20230816,2023-08-16,2023,3,8,August,33,3,False,2023-08-01,2023-08-31
20230817,2023-08-17,2023,3,8,August,33,4,False,2023-08-01,2023-08-31
20230818,2023-08-18,2023,3,8,August,33,5,False,2023-08-01,2023-08-31
20230819,2023-08-19,2023,3,8,August,33,6,True,2023-08-01,2023-08-31
20230820,2023-08-20,2023,3,8,August,33,7,True,2023-08-01,2023-08-31
20230821,2023-08-21,2023,3,8,August,34,1,False,2023-08-01,2023-08-31
20230822,2023-08-22,2023,3,8,August,34,2,False,2023-08-01,2023-08-31
20230823,2023-08-23,2023,3,8,August,34,3,False,2023-08-01,2023-08-31
20230824,2023-08-24,2023,3,8,August,34,4,False,2023-08-01,2023-08-31
20230825,2023-08-25,2023,3,8,August,34,5,False,2023-08-01,2023-08-31
20230826,2023-08-26,2023,3,8,August,34,6,True,2023-08-01,2023-08-31
20230827,2023-08-27,2023,3,8,August,34,7,True,2023-08-01,2023-08-31
20230828,2023-08-28,2023,3,8,August,35,1,False,2023-08-01,2023-08-31
20230829,2023-08-29,2023,3,8,August,35,2,False,2023-08-01,2023-08-31
20230830,2023-08-30,2023,3,8,August,35,3,False,2023-08-01,2023-08-31
20230831,2023-08-31,2023,3,8,August,35,4,False,2023-08-01,2023-08-31
20230901,2023-09-01,2023,3,9,September,35,5,False,2023-09-01,2023-09-30
20230902,2023-09-02,2023,3,9,September,35,6,True,2023-09-01,2023-09-30
20230903,2023-09-03,2023,3,9,September,35,7,True,2023-09-01,2023-09-30
20230904,2023-09-04,2023,3,9,September,36,1,False,2023-09-01,2023-09-30
20230905,2023-09-05,2023,3,9,September,36,2,False,2023-09-01,2023-09-30
20230906,2023-09-06,2023,3,9,September,36,3,False,2023-09-01,2023-09-30
20230907,2023-09-07,2023,3,9,September,36,4,False,2023-09-01,2023-09-30
20230908,2023-09-08,2023,3,9,September,36,5,False,2023-09-01,2023-09-30
20230909,2023-09-09,2023,3,9,September,36,6,True,2023-09-01,2023-09-30
20230910,2023-09-10,2023,3,9,September,36,7,True,2023-09-01,2023-09-30
20230911,2023-09-11,2023,3,9,September,37,1,False,2023-09-01,2023-09-30
20230912,2023-09-12,2023,3,9,September,37,2,False,2023-09-01,2023-09-30
20230913,2023-09-13,2023,3,9,September,37,3,False,2023-09-01,2023-09-30
20230914,2023-09-14,2023,3,9,September,37,4,False,2023-09-01,2023-09-30
20230915,2023-09-15,2023,3,9,September,37,5,False,2023-09-01,2023-09-30
20230916,2023-09-16,2023,3,9,September,37,6,True,2023-09-01,2023-09-30
20230917,2023-09-17,2023,3,9,September,37,7,True,2023-09-01,2023-09-30
20230918,2023-09-18,2023,3,9,September,38,1,False,2023-09-01,2023-09-30
20230919,2023-09-19,2023,3,9,September,38,2,False,2023-09-01,2023-09-30
20230920,2023-09-20,2023,3,9,September,38,3,False,2023-09-01,2023-09-30
20230921,2023-09-21,2023,3,9,September,38,4,False,2023-09-01,2023-09-30
20230922,2023-09-22,2023,3,9,September,38,5,False,2023-09-01,2023-09-30
20230923,2023-09-23,2023,3,9,September,38,6,True,2023-09-01,2023-09-30
20230924,2023-09-24,2023,3,9,September,38,7,True,2023-09-01,2023-09-30
20230925,2023-09-25,2023,3,9,September,39,1,False,2023-09-01,2023-09-30
20230926,2023-09-26,2023,3,9,September,39,2,False,2023-09-01,2023-09-30
20230927,2023-09-27,2023,3,9,September,39,3,False,2023-09-01,2023-09-30
20230928,2023-09-28,2023,3,9,September,39,4,False,2023-09-01,2023-09-30
20230929,2023-09-29,2023,3,9,September,39,5,False,2023-09-01,2023-09-30
20230930,2023-09-30,2023,3,9,September,39,6,True,2023-09-01,2023-09-30
20231001,2023-10-01,2023,4,10,October,39,7,True,2023-10-01,2023-10-31
20231002,2023-10-02,2023,4,10,October,40,1,False,2023-10-01,2023-10-31
20231003,2023-10-03,2023,4,10,October,40,2,False,2023-10-01,2023-10-31
20231004,2023-10-04,2023,4,10,October,40,3,False,2023-10-01,2023-10-31
20231005,2023-10-05,2023,4,10,October,40,4,False,2023-10-01,2023-10-31
20231006,2023-10-06,2023,4,10,October,40,5,False,2023-10-01,2023-10-31
20231007,2023-10-07,2023,4,10,October,40,6,True,2023-10-01,2023-10-31
20231008,2023-10-08,2023,4,10,October,40,7,True,2023-10-01,2023-10-31
20231009,2023-10-09,2023,4,10,October,41,1,False,2023-10-01,2023-10-31
20231010,2023-10-10,2023,4,10,October,41,2,False,2023-10-01,2023-10-31
20231011,2023-10-11,2023,4,10,October,41,3,False,2023-10-01,2023-10-31
20231012,2023-10-12,2023,4,10,October,41,4,False,2023-10-01,2023-10-31
20231013,2023-10-13,2023,4,10,October,41,5,False,2023-10-01,2023-10-31
20231014,2023-10-14,2023,4,10,October,41,6,True,2023-10-01,2023-10-31
20231015,2023-10-15,2023,4,10,October,41,7,True,2023-10-01,2023-10-31
20231016,2023-10-16,2023,4,10,October,42,1,False,2023-10-01,2023-10-31
20231017,2023-10-17,2023,4,10,October,42,2,False,2023-10-01,2023-10-31
20231018,2023-10-18,2023,4,10,October,42,3,False,2023-10-01,2023-10-31
20231019,2023-10-19,2023,4,10,October,42,4,False,2023-10-01,2023-10-31
20231020,2023-10-20,2023,4,10,October,42,5,False,2023-10-01,2023-10-31
20231021,2023-10-21,2023,4,10,October,42,6,True,2023-10-01,2023-10-31
20231022,2023-10-22,2023,4,10,October,42,7,True,2023-10-01,2023-10-31
20231023,2023-10-23,2023,4,10,October,43,1,False,2023-10-01,2023-10-31
20231024,2023-10-24,2023,4,10,October,43,2,False,2023-10-01,2023-10-31
20231025,2023-10-25,2023,4,10,October,43,3,False,2023-10-01,2023-10-31
20231026,2023-10-26,2023,4,10,October,43,4,False,2023-10-01,2023-10-31
20231027,2023-10-27,2023,4,10,October,43,5,False,2023-10-01,2023-10-31
20231028,2023-10-28,2023,4,10,October,43,6,True,2023-10-01,2023-10-31
20231029,2023-10-29,2023,4,10,October,43,7,True,2023-10-01,2023-10-31
20231030,2023-10-30,2023,4,10,October,44,1,False,2023-10-01,2023-10-31
20231031,2023-10-31,2023,4,10,October,44,2,False,2023-10-01,2023-10-31
20231101,2023-11-01,2023,4,11,November,44,3,False,2023-11-01,2023-11-30
20231102,2023-11-02,2023,4,11,November,44,4,False,2023-11-01,2023-11-30
20231103,2023-11-03,2023,4,11,November,44,5,False,2023-11-01,2023-11-30
20231104,2023-11-04,2023,4,11,November,44,6,True,2023-11-01,2023-11-30
20231105,2023-11-05,2023,4,11,November,44,7,True,2023-11-01,2023-11-30
20231106,2023-11-06,2023,4,11,November,45,1,False,2023-11-01,2023-11-30
20231107,2023-11-07,2023,4,11,November,45,2,False,2023-11-01,2023-11-30
20231108,2023-11-08,2023,4,11,November,45,3,False,2023-11-01,2023-11-30
20231109,2023-11-09,2023,4,11,November,45,4,False,2023-11-01,2023-11-30
20231110,2023-11-10,2023,4,11,November,45,5,False,2023-11-01,2023-11-30
20231111,2023-11-11,2023,4,11,November,45,6,True,2023-11-01,2023-11-30
20231112,2023-11-12,2023,4,11,November,45,7,True,2023-11-01,2023-11-30
20231113,2023-11-13,2023,4,11,November,46,1,False,2023-11-01,2023-11-30
20231114,2023-11-14,2023,4,11,November,46,2,False,2023-11-01,2023-11-30
20231115,2023-11-15,2023,4,11,November,46,3,False,2023-11-01,2023-11-30
20231116,2023-11-16,2023,4,11,November,46,4,False,2023-11-01,2023-11-30
20231117,2023-11-17,2023,4,11,November,46,5,False,2023-11-01,2023-11-30
20231118,2023-11-18,2023,4,11,November,46,6,True,2023-11-01,2023-11-30
20231119,2023-11-19,2023,4,11,November,46,7,True,2023-11-01,2023-11-30
20231120,2023-11-20,2023,4,11,November,47,1,False,2023-11-01,2023-11-30
20231121,2023-11-21,2023,4,11,November,47,2,False,2023-11-01,2023-11-30
20231122,2023-11-22,2023,4,11,November,47,3,False,2023-11-01,2023-11-30
20231123,2023-11-23,2023,4,11,November,47,4,False,2023-11-01,2023-11-30
20231124,2023-11-24,2023,4,11,November,47,5,False,2023-11-01,2023-11-30
20231125,2023-11-25,2023,4,11,November,47,6,True,2023-11-01,2023-11-30
20231126,2023-11-26,2023,4,11,November,47,7,True,2023-11-01,2023-11-30
20231127,2023-11-27,2023,4,11,November,48,1,False,2023-11-01,2023-11-30
20231128,2023-11-28,2023,4,11,November,48,2,False,2023-11-01,2023-11-30
20231129,2023-11-29,2023,4,11,November,48,3,False,2023-11-01,2023-11-30
20231130,2023-11-30,2023,4,11,November,48,4,False,2023-11-01,2023-11-30
20231201,2023-12-01,2023,4,12,December,48,5,False,2023-12-01,2023-12-31
20231202,2023-12-02,2023,4,12,December,48,6,True,2023-12-01,2023-12-31
20231203,2023-12-03,2023,4,12,December,48,7,True,2023-12-01,2023-12-31
20231204,2023-12-04,2023,4,12,December,49,1,False,2023-12-01,2023-12-31
20231205,2023-12-05,2023,4,12,December,49,2,False,2023-12-01,2023-12-31
20231206,2023-12-06,2023,4,12,December,49,3,False,2023-12-01,2023-12-31
20231207,2023-12-07,2023,4,12,December,49,4,False,2023-12-01,2023-12-31
20231208,2023-12-08,2023,4,12,December,49,5,False,2023-12-01,2023-12-31
20231209,2023-12-09,2023,4,12,December,49,6,True,2023-12-01,2023-12-31
20231210,2023-12-10,2023,4,12,December,49,7,True,2023-12-01,2023-12-31
20231211,2023-12-11,2023,4,12,December,50,1,False,2023-12-01,2023-12-31
20231212,2023-12-12,2023,4,12,December,50,2,False,2023-12-01,2023-12-31
20231213,2023-12-13,2023,4,12,December,50,3,False,2023-12-01,2023-12-31
20231214,2023-12-14,2023,4,12,December,50,4,False,2023-12-01,2023-12-31
20231215,2023-12-15,2023,4,12,December,50,5,False,2023-12-01,2023-12-31
20231216,2023-12-16,2023,4,12,December,50,6,True,2023-12-01,2023-12-31
20231217,2023-12-17,2023,4,12,December,50,7,True,2023-12-01,2023-12-31
20231218,2023-12-18,2023,4,12,December,51,1,False,2023-12-01,2023-12-31
20231219,2023-12-19,2023,4,12,December,51,2,False,2023-12-01,2023-12-31
20231220,2023-12-20,2023,4,12,December,51,3,False,2023-12-01,2023-12-31
20231221,2023-12-21,2023,4,12,December,51,4,False,2023-12-01,2023-12-31
20231222,2023-12-22,2023,4,12,December,51,5,False,2023-12-01,2023-12-31
20231223,2023-12-23,2023,4,12,December,51,6,True,2023-12-01,2023-12-31
20231224,2023-12-24,2023,4,12,December,51,7,True,2023-12-01,2023-12-31
20231225,2023-12-25,2023,4,12,December,52,1,False,2023-12-01,2023-12-31
20231226,2023-12-26,2023,4,12,December,52,2,False,2023-12-01,2023-12-31
20231227,2023-12-27,2023,4,12,December,52,3,False,2023-12-01,2023-12-31
20231228,2023-12-28,2023,4,12,December,52,4,False,2023-12-01,2023-12-31
20231229,2023-12-29,2023,4,12,December,52,5,False,2023-12-01,2023-12-31
20231230,2023-12-30,2023,4,12,December,52,6,True,2023-12-01,2023-12-31
20231231,2023-12-31,2023,4,12,December,52,7,True,2023-12-01,2023-12-31
20240101,2024-01-01,2024,1,1,January,1,1,False,2024-01-01,2024-01-31
20240102,2024-01-02,2024,1,1,January,1,2,False,2024-01-01,2024-01-31
20240103,2024-01-03,2024,1,1,January,1,3,False,2024-01-01,2024-01-31
20240104,2024-01-04,2024,1,1,January,1,4,False,2024-01-01,2024-01-31
20240105,2024-01-05,2024,1,1,January,1,5,False,2024-01-01,2024-01-31
20240106,2024-01-06,2024,1,1,January,1,6,True,2024-01-01,2024-01-31
20240107,2024-01-07,2024,1,1,January,1,7,True,2024-01-01,2024-01-31
20240108,2024-01-08,2024,1,1,January,2,1,False,2024-01-01,2024-01-31
20240109,2024-01-09,2024,1,1,January,2,2,False,2024-01-01,2024-01-31
20240110,2024-01-10,2024,1,1,January,2,3,False,2024-01-01,2024-01-31
20240111,2024-01-11,2024,1,1,January,2,4,False,2024-01-01,2024-01-31
20240112,2024-01-12,2024,1,1,January,2,5,False,2024-01-01,2024-01-31
20240113,2024-01-13,2024,1,1,January,2,6,True,2024-01-01,2024-01-31
20240114,2024-01-14,2024,1,1,January,2,7,True,2024-01-01,2024-01-31
20240115,2024-01-15,2024,1,1,January,3,1,False,2024-01-01,2024-01-31
20240116,2024-01-16,2024,1,1,January,3,2,False,2024-01-01,2024-01-31
20240117,2024-01-17,2024,1,1,January,3,3,False,2024-01-01,2024-01-31
20240118,2024-01-18,2024,1,1,January,3,4,False,2024-01-01,2024-01-31
20240119,2024-01-19,2024,1,1,January,3,5,False,2024-01-01,2024-01-31
20240120,2024-01-20,2024,1,1,January,3,6,True,2024-01-01,2024-01-31
20240121,2024-01-21,2024,1,1,January,3,7,True,2024-01-01,2024-01-31
20240122,2024-01-22,2024,1,1,January,4,1,False,2024-01-01,2024-01-31
20240123,2024-01-23,2024,1,1,January,4,2,False,2024-01-01,2024-01-31
20240124,2024-01-24,2024,1,1,January,4,3,False,2024-01-01,2024-01-31
20240125,2024-01-25,2024,1,1,January,4,4,False,2024-01-01,2024-01-31
20240126,2024-01-26,2024,1,1,January,4,5,False,2024-01-01,2024-01-31
20240127,2024-01-27,2024,1,1,January,4,6,True,2024-01-01,2024-01-31
20240128,2024-01-28,2024,1,1,January,4,7,True,2024-01-01,2024-01-31
20240129,2024-01-29,2024,1,1,January,5,1,False,2024-01-01,2024-01-31
20240130,2024-01-30,2024,1,1,January,5,2,False,2024-01-01,2024-01-31
20240131,2024-01-31,2024,1,1,January,5,3,False,2024-01-01,2024-01-31
20240201,2024-02-01,2024,1,2,February,5,4,False,2024-02-01,2024-02-29
20240202,2024-02-02,2024,1,2,February,5,5,False,2024-02-01,2024-02-29
20240203,2024-02-03,2024,1,2,February,5,6,True,2024-02-01,2024-02-29
20240204,2024-02-04,2024,1,2,February,5,7,True,2024-02-01,2024-02-29
20240205,2024-02-05,2024,1,2,February,6,1,False,2024-02-01,2024-02-29
20240206,2024-02-06,2024,1,2,February,6,2,False,2024-02-01,2024-02-29
20240207,2024-02-07,2024,1,2,February,6,3,False,2024-02-01,2024-02-29
20240208,2024-02-08,2024,1,2,February,6,4,False,2024-02-01,2024-02-29
20240209,2024-02-09,2024,1,2,February,6,5,False,2024-02-01,2024-02-29
20240210,2024-02-10,2024,1,2,February,6,6,True,2024-02-01,2024-02-29
20240211,2024-02-11,2024,1,2,February,6,7,True,2024-02-01,2024-02-29
20240212,2024-02-12,2024,1,2,February,7,1,False,2024-02-01,2024-02-29
20240213,2024-02-13,2024,1,2,February,7,2,False,2024-02-01,2024-02-29
20240214,2024-02-14,2024,1,2,February,7,3,False,2024-02-01,2024-02-29
20240215,2024-02-15,2024,1,2,February,7,4,False,2024-02-01,2024-02-29
20240216,2024-02-16,2024,1,2,February,7,5,False,2024-02-01,2024-02-29
20240217,2024-02-17,2024,1,2,February,7,6,True,2024-02-01,2024-02-29
20240218,2024-02-18,2024,1,2,February,7,7,True,2024-02-01,2024-02-29
20240219,2024-02-19,2024,1,2,February,8,1,False,2024-02-01,2024-02-29
20240220,2024-02-20,2024,1,2,February,8,2,False,2024-02-01,2024-02-29
20240221,2024-02-21,2024,1,2,February,8,3,False,2024-02-01,2024-02-29
20240222,2024-02-22,2024,1,2,February,8,4,False,2024-02-01,2024-02-29
20240223,2024-02-23,2024,1,2,February,8,5,False,2024-02-01,2024-02-29
20240224,2024-02-24,2024,1,2,February,8,6,True,2024-02-01,2024-02-29
20240225,2024-02-25,2024,1,2,February,8,7,True,2024-02-01,2024-02-29
20240226,2024-02-26,2024,1,2,February,9,1,False,2024-02-01,2024-02-29
20240227,2024-02-27,2024,1,2,February,9,2,False,2024-02-01,2024-02-29
20240228,2024-02-28,2024,1,2,February,9,3,False,2024-02-01,2024-02-29
20240229,2024-02-29,2024,1,2,February,9,4,False,2024-02-01,2024-02-29
20240301,2024-03-01,2024,1,3,March,9,5,False,2024-03-01,2024-03-31
20240302,2024-03-02,2024,1,3,March,9,6,True,2024-03-01,2024-03-31
20240303,2024-03-03,2024,1,3,March,9,7,True,2024-03-01,2024-03-31
20240304,2024-03-04,2024,1,3,March,10,1,False,2024-03-01,2024-03-31
20240305,2024-03-05,2024,1,3,March,10,2,False,2024-03-01,2024-03-31
20240306,2024-03-06,2024,1,3,March,10,3,False,2024-03-01,2024-03-31
20240307,2024-03-07,2024,1,3,March,10,4,False,2024-03-01,2024-03-31
20240308,2024-03-08,2024,1,3,March,10,5,False,2024-03-01,2024-03-31
20240309,2024-03-09,2024,1,3,March,10,6,True,2024-03-01,2024-03-31
20240310,2024-03-10,2024,1,3,March,10,7,True,2024-03-01,2024-03-31
20240311,2024-03-11,2024,1,3,March,11,1,False,2024-03-01,2024-03-31
20240312,2024-03-12,2024,1,3,March,11,2,False,2024-03-01,2024-03-31
20240313,2024-03-13,2024,1,3,March,11,3,False,2024-03-01,2024-03-31
20240314,2024-03-14,2024,1,3,March,11,4,False,2024-03-01,2024-03-31
20240315,2024-03-15,2024,1,3,March,11,5,False,2024-03-01,2024-03-31
20240316,2024-03-16,2024,1,3,March,11,6,True,2024-03-01,2024-03-31
20240317,2024-03-17,2024,1,3,March,11,7,True,2024-03-01,2024-03-31
20240318,2024-03-18,2024,1,3,March,12,1,False,2024-03-01,2024-03-31
20240319,2024-03-19,2024,1,3,March,12,2,False,2024-03-01,2024-03-31
20240320,2024-03-20,2024,1,3,March,12,3,False,2024-03-01,2024-03-31
20240321,2024-03-21,2024,1,3,March,12,4,False,2024-03-01,2024-03-31
20240322,2024-03-22,2024,1,3,March,12,5,False,2024-03-01,2024-03-31
20240323,2024-03-23,2024,1,3,March,12,6,True,2024-03-01,2024-03-31
20240324,2024-03-24,2024,1,3,March,12,7,True,2024-03-01,2024-03-31
20240325,2024-03-25,2024,1,3,March,13,1,False,2024-03-01,2024-03-31
20240326,2024-03-26,2024,1,3,March,13,2,False,2024-03-01,2024-03-31
20240327,2024-03-27,2024,1,3,March,13,3,False,2024-03-01,2024-03-31
20240328,2024-03-28,2024,1,3,March,13,4,False,2024-03-01,2024-03-31
20240329,2024-03-29,2024,1,3,March,13,5,False,2024-03-01,2024-03-31
20240330,2024-03-30,2024,1,3,March,13,6,True,2024-03-01,2024-03-31
20240331,2024-03-31,2024,1,3,March,13,7,True,2024-03-01,2024-03-31
20240401,2024-04-01,2024,2,4,April,14,1,False,2024-04-01,2024-04-30
20240402,2024-04-02,2024,2,4,April,14,2,False,2024-04-01,2024-04-30
20240403,2024-04-03,2024,2,4,April,14,3,False,2024-04-01,2024-04-30
20240404,2024-04-04,2024,2,4,April,14,4,False,2024-04-01,2024-04-30
20240405,2024-04-05,2024,2,4,April,14,5,False,2024-04-01,2024-04-30
20240406,2024-04-06,2024,2,4,April,14,6,True,2024-04-01,2024-04-30
20240407,2024-04-07,2024,2,4,April,14,7,True,2024-04-01,2024-04-30
20240408,2024-04-08,2024,2,4,April,15,1,False,2024-04-01,2024-04-30
20240409,2024-04-09,2024,2,4,April,15,2,False,2024-04-01,2024-04-30
20240410,2024-04-10,2024,2,4,April,15,3,False,2024-04-01,2024-04-30
20240411,2024-04-11,2024,2,4,April,15,4,False,2024-04-01,2024-04-30
20240412,2024-04-12,2024,2,4,April,15,5,False,2024-04-01,2024-04-30
20240413,2024-04-13,2024,2,4,April,15,6,True,2024-04-01,2024-04-30
20240414,2024-04-14,2024,2,4,April,15,7,True,2024-04-01,2024-04-30
20240415,2024-04-15,2024,2,4,April,16,1,False,2024-04-01,2024-04-30
20240416,2024-04-16,2024,2,4,April,16,2,False,2024-04-01,2024-04-30
20240417,2024-04-17,2024,2,4,April,16,3,False,2024-04-01,2024-04-30
20240418,2024-04-18,2024,2,4,April,16,4,False,2024-04-01,2024-04-30
20240419,2024-04-19,2024,2,4,April,16,5,False,2024-04-01,2024-04-30
20240420,2024-04-20,2024,2,4,April,16,6,True,2024-04-01,2024-04-30
20240421,2024-04-21,2024,2,4,April,16,7,True,2024-04-01,2024-04-30
20240422,2024-04-22,2024,2,4,April,17,1,False,2024-04-01,2024-04-30
20240423,2024-04-23,2024,2,4,April,17,2,False,2024-04-01,2024-04-30
20240424,2024-04-24,2024,2,4,April,17,3,False,2024-04-01,2024-04-30
20240425,2024-04-25,2024,2,4,April,17,4,False,2024-04-01,2024-04-30
20240426,2024-04-26,2024,2,4,April,17,5,False,2024-04-01,2024-04-30
20240427,2024-04-27,2024,2,4,April,17,6,True,2024-04-01,2024-04-30
20240428,2024-04-28,2024,2,4,April,17,7,True,2024-04-01,2024-04-30
20240429,2024-04-29,2024,2,4,April,18,1,False,2024-04-01,2024-04-30
20240430,2024-04-30,2024,2,4,April,18,2,False,2024-04-01,2024-04-30
20240501,2024-05-01,2024,2,5,May,18,3,False,2024-05-01,2024-05-31
20240502,2024-05-02,2024,2,5,May,18,4,False,2024-05-01,2024-05-31
20240503,2024-05-03,2024,2,5,May,18,5,False,2024-05-01,2024-05-31
20240504,2024-05-04,2024,2,5,May,18,6,True,2024-05-01,2024-05-31
20240505,2024-05-05,2024,2,5,May,18,7,True,2024-05-01,2024-05-31
20240506,2024-05-06,2024,2,5,May,19,1,False,2024-05-01,2024-05-31
20240507,2024-05-07,2024,2,5,May,19,2,False,2024-05-01,2024-05-31
20240508,2024-05-08,2024,2,5,May,19,3,False,2024-05-01,2024-05-31
20240509,2024-05-09,2024,2,5,May,19,4,False,2024-05-01,2024-05-31
20240510,2024-05-10,2024,2,5,May,19,5,False,2024-05-01,2024-05-31
20240511,2024-05-11,2024,2,5,May,19,6,True,2024-05-01,2024-05-31
20240512,2024-05-12,2024,2,5,May,19,7,True,2024-05-01,2024-05-31
20240513,2024-05-13,2024,2,5,May,20,1,False,2024-05-01,2024-05-31
20240514,2024-05-14,2024,2,5,May,20,2,False,2024-05-01,2024-05-31
20240515,2024-05-15,2024,2,5,May,20,3,False,2024-05-01,2024-05-31
20240516,2024-05-16,2024,2,5,May,20,4,False,2024-05-01,2024-05-31
20240517,2024-05-17,2024,2,5,May,20,5,False,2024-05-01,2024-05-31
20240518,2024-05-18,2024,2,5,May,20,6,True,2024-05-01,2024-05-31
20240519,2024-05-19,2024,2,5,May,20,7,True,2024-05-01,2024-05-31
20240520,2024-05-20,2024,2,5,May,21,1,False,2024-05-01,2024-05-31
20240521,2024-05-21,2024,2,5,May,21,2,False,2024-05-01,2024-05-31
20240522,2024-05-22,2024,2,5,May,21,3,False,2024-05-01,2024-05-31
20240523,2024-05-23,2024,2,5,May,21,4,False,2024-05-01,2024-05-31
20240524,2024-05-24,2024,2,5,May,21,5,False,2024-05-01,2024-05-31
20240525,2024-05-25,2024,2,5,May,21,6,True,2024-05-01,2024-05-31
20240526,2024-05-26,2024,2,5,May,21,7,True,2024-05-01,2024-05-31
20240527,2024-05-27,2024,2,5,May,22,1,False,2024-05-01,2024-05-31
20240528,2024-05-28,2024,2,5,May,22,2,False,2024-05-01,2024-05-31
20240529,2024-05-29,2024,2,5,May,22,3,False,2024-05-01,2024-05-31
20240530,2024-05-30,2024,2,5,May,22,4,False,2024-05-01,2024-05-31
20240531,2024-05-31,2024,2,5,May,22,5,False,2024-05-01,2024-05-31
20240601,2024-06-01,2024,2,6,June,22,6,True,2024-06-01,2024-06-30
20240602,2024-06-02,2024,2,6,June,22,7,True,2024-06-01,2024-06-30
20240603,2024-06-03,2024,2,6,June,23,1,False,2024-06-01,2024-06-30
20240604,2024-06-04,2024,2,6,June,23,2,False,2024-06-01,2024-06-30
20240605,2024-06-05,2024,2,6,June,23,3,False,2024-06-01,2024-06-30
20240606,2024-06-06,2024,2,6,June,23,4,False,2024-06-01,2024-06-30
20240607,2024-06-07,2024,2,6,June,23,5,False,2024-06-01,2024-06-30
20240608,2024-06-08,2024,2,6,June,23,6,True,2024-06-01,2024-06-30
20240609,2024-06-09,2024,2,6,June,23,7,True,2024-06-01,2024-06-30
20240610,2024-06-10,2024,2,6,June,24,1,False,2024-06-01,2024-06-30
20240611,2024-06-11,2024,2,6,June,24,2,False,2024-06-01,2024-06-30
20240612,2024-06-12,2024,2,6,June,24,3,False,2024-06-01,2024-06-30
20240613,2024-06-13,2024,2,6,June,24,4,False,2024-06-01,2024-06-30
20240614,2024-06-14,2024,2,6,June,24,5,False,2024-06-01,2024-06-30
20240615,2024-06-15,2024,2,6,June,24,6,True,2024-06-01,2024-06-30
20240616,2024-06-16,2024,2,6,June,24,7,True,2024-06-01,2024-06-30
20240617,2024-06-17,2024,2,6,June,25,1,False,2024-06-01,2024-06-30
20240618,2024-06-18,2024,2,6,June,25,2,False,2024-06-01,2024-06-30
20240619,2024-06-19,2024,2,6,June,25,3,False,2024-06-01,2024-06-30
20240620,2024-06-20,2024,2,6,June,25,4,False,2024-06-01,2024-06-30
20240621,2024-06-21,2024,2,6,June,25,5,False,2024-06-01,2024-06-30
20240622,2024-06-22,2024,2,6,June,25,6,True,2024-06-01,2024-06-30
20240623,2024-06-23,2024,2,6,June,25,7,True,2024-06-01,2024-06-30
20240624,2024-06-24,2024,2,6,June,26,1,False,2024-06-01,2024-06-30
20240625,2024-06-25,2024,2,6,June,26,2,False,2024-06-01,2024-06-30
20240626,2024-06-26,2024,2,6,June,26,3,False,2024-06-01,2024-06-30
20240627,2024-06-27,2024,2,6,June,26,4,False,2024-06-01,2024-06-30
20240628,2024-06-28,2024,2,6,June,26,5,False,2024-06-01,2024-06-30
20240629,2024-06-29,2024,2,6,June,26,6,True,2024-06-01,2024-06-30
20240630,2024-06-30,2024,2,6,June,26,7,True,2024-06-01,2024-06-30
20240701,2024-07-01,2024,3,7,July,27,1,False,2024-07-01,2024-07-31
20240702,2024-07-02,2024,3,7,July,27,2,False,2024-07-01,2024-07-31
20240703,2024-07-03,2024,3,7,July,27,3,False,2024-07-01,2024-07-31
20240704,2024-07-04,2024,3,7,July,27,4,False,2024-07-01,2024-07-31
20240705,2024-07-05,2024,3,7,July,27,5,False,2024-07-01,2024-07-31
20240706,2024-07-06,2024,3,7,July,27,6,True,2024-07-01,2024-07-31
20240707,2024-07-07,2024,3,7,July,27,7,True,2024-07-01,2024-07-31
20240708,2024-07-08,2024,3,7,July,28,1,False,2024-07-01,2024-07-31
20240709,2024-07-09,2024,3,7,July,28,2,False,2024-07-01,2024-07-31
20240710,2024-07-10,2024,3,7,July,28,3,False,2024-07-01,2024-07-31
20240711,2024-07-11,2024,3,7,July,28,4,False,2024-07-01,2024-07-31
20240712,2024-07-12,2024,3,7,July,28,5,False,2024-07-01,2024-07-31
20240713,2024-07-13,2024,3,7,July,28,6,True,2024-07-01,2024-07-31
20240714,2024-07-14,2024,3,7,July,28,7,True,2024-07-01,2024-07-31
20240715,2024-07-15,2024,3,7,July,29,1,False,2024-07-01,2024-07-31
20240716,2024-07-16,2024,3,7,July,29,2,False,2024-07-01,2024-07-31
20240717,2024-07-17,2024,3,7,July,29,3,False,2024-07-01,2024-07-31
20240718,2024-07-18,2024,3,7,July,29,4,False,2024-07-01,2024-07-31
20240719,2024-07-19,2024,3,7,July,29,5,False,2024-07-01,2024-07-31
20240720,2024-07-20,2024,3,7,July,29,6,True,2024-07-01,2024-07-31
20240721,2024-07-21,2024,3,7,July,29,7,True,2024-07-01,2024-07-31
20240722,2024-07-22,2024,3,7,July,30,1,False,2024-07-01,2024-07-31
20240723,2024-07-23,2024,3,7,July,30,2,False,2024-07-01,2024-07-31
20240724,2024-07-24,2024,3,7,July,30,3,False,2024-07-01,2024-07-31
20240725,2024-07-25,2024,3,7,July,30,4,False,2024-07-01,2024-07-31
20240726,2024-07-26,2024,3,7,July,30,5,False,2024-07-01,2024-07-31
20240727,2024-07-27,2024,3,7,July,30,6,True,2024-07-01,2024-07-31
20240728,2024-07-28,2024,3,7,July,30,7,True,2024-07-01,2024-07-31
20240729,2024-07-29,2024,3,7,July,31,1,False,2024-07-01,2024-07-31
20240730,2024-07-30,2024,3,7,July,31,2,False,2024-07-01,2024-07-31
20240731,2024-07-31,2024,3,7,July,31,3,False,2024-07-01,2024-07-31
20240801,2024-08-01,2024,3,8,August,31,4,False,2024-08-01,2024-08-31
20240802,2024-08-02,2024,3,8,August,31,5,False,2024-08-01,2024-08-31
20240803,2024-08-03,2024,3,8,August,31,6,True,2024-08-01,2024-08-31
20240804,2024-08-04,2024,3,8,August,31,7,True,2024-08-01,2024-08-31
20240805,2024-08-05,2024,3,8,August,32,1,False,2024-08-01,2024-08-31
20240806,2024-08-06,2024,3,8,August,32,2,False,2024-08-01,2024-08-31
20240807,2024-08-07,2024,3,8,August,32,3,False,2024-08-01,2024-08-31
20240808,2024-08-08,2024,3,8,August,32,4,False,2024-08-01,2024-08-31
20240809,2024-08-09,2024,3,8,August,32,5,False,2024-08-01,2024-08-31
20240810,2024-08-10,2024,3,8,August,32,6,True,2024-08-01,2024-08-31
20240811,2024-08-11,2024,3,8,August,32,7,True,2024-08-01,2024-08-31
20240812,2024-08-12,2024,3,8,August,33,1,False,2024-08-01,2024-08-31
20240813,2024-08-13,2024,3,8,August,33,2,False,2024-08-01,2024-08-31
20240814,2024-08-14,2024,3,8,August,33,3,False,2024-08-01,2024-08-31
20240815,2024-08-15,2024,3,8,August,33,4,False,2024-08-01,2024-08-31
20240816,2024-08-16,2024,3,8,August,33,5,False,2024-08-01,2024-08-31
20240817,2024-08-17,2024,3,8,August,33,6,True,2024-08-01,2024-08-31
20240818,2024-08-18,2024,3,8,August,33,7,True,2024-08-01,2024-08-31
20240819,2024-08-19,2024,3,8,August,34,1,False,2024-08-01,2024-08-31
20240820,2024-08-20,2024,3,8,August,34,2,False,2024-08-01,2024-08-31
20240821,2024-08-21,2024,3,8,August,34,3,False,2024-08-01,2024-08-31
20240822,2024-08-22,2024,3,8,August,34,4,False,2024-08-01,2024-08-31
20240823,2024-08-23,2024,3,8,August,34,5,False,2024-08-01,2024-08-31
20240824,2024-08-24,2024,3,8,August,34,6,True,2024-08-01,2024-08-31
20240825,2024-08-25,2024,3,8,August,34,7,True,2024-08-01,2024-08-31
20240826,2024-08-26,2024,3,8,August,35,1,False,2024-08-01,2024-08-31
20240827,2024-08-27,2024,3,8,August,35,2,False,2024-08-01,2024-08-31
20240828,2024-08-28,2024,3,8,August,35,3,False,2024-08-01,2024-08-31
20240829,2024-08-29,2024,3,8,August,35,4,False,2024-08-01,2024-08-31
20240830,2024-08-30,2024,3,8,August,35,5,False,2024-08-01,2024-08-31
20240831,2024-08-31,2024,3,8,August,35,6,True,2024-08-01,2024-08-31
20240901,2024-09-01,2024,3,9,September,35,7,True,2024-09-01,2024-09-30
20240902,2024-09-02,2024,3,9,September,36,1,False,2024-09-01,2024-09-30
20240903,2024-09-03,2024,3,9,September,36,2,False,2024-09-01,2024-09-30
20240904,2024-09-04,2024,3,9,September,36,3,False,2024-09-01,2024-09-30
20240905,2024-09-05,2024,3,9,September,36,4,False,2024-09-01,2024-09-30
20240906,2024-09-06,2024,3,9,September,36,5,False,2024-09-01,2024-09-30
20240907,2024-09-07,2024,3,9,September,36,6,True,2024-09-01,2024-09-30
20240908,2024-09-08,2024,3,9,September,36,7,True,2024-09-01,2024-09-30
20240909,2024-09-09,2024,3,9,September,37,1,False,2024-09-01,2024-09-30
20240910,2024-09-10,2024,3,9,September,37,2,False,2024-09-01,2024-09-30
20240911,2024-09-11,2024,3,9,September,37,3,False,2024-09-01,2024-09-30
20240912,2024-09-12,2024,3,9,September,37,4,False,2024-09-01,2024-09-30
20240913,2024-09-13,2024,3,9,September,37,5,False,2024-09-01,2024-09-30
20240914,2024-09-14,2024,3,9,September,37,6,True,2024-09-01,2024-09-30
20240915,2024-09-15,2024,3,9,September,37,7,True,2024-09-01,2024-09-30
20240916,2024-09-16,2024,3,9,September,38,1,False,2024-09-01,2024-09-30
20240917,2024-09-17,2024,3,9,September,38,2,False,2024-09-01,2024-09-30
20240918,2024-09-18,2024,3,9,September,38,3,False,2024-09-01,2024-09-30
20240919,2024-09-19,2024,3,9,September,38,4,False,2024-09-01,2024-09-30
20240920,2024-09-20,2024,3,9,September,38,5,False,2024-09-01,2024-09-30
20240921,2024-09-21,2024,3,9,September,38,6,True,2024-09-01,2024-09-30
20240922,2024-09-22,2024,3,9,September,38,7,True,2024-09-01,2024-09-30
20240923,2024-09-23,2024,3,9,September,39,1,False,2024-09-01,2024-09-30
20240924,2024-09-24,2024,3,9,September,39,2,False,2024-09-01,2024-09-30
20240925,2024-09-25,2024,3,9,September,39,3,False,2024-09-01,2024-09-30
20240926,2024-09-26,2024,3,9,September,39,4,False,2024-09-01,2024-09-30
20240927,2024-09-27,2024,3,9,September,39,5,False,2024-09-01,2024-09-30
20240928,2024-09-28,2024,3,9,September,39,6,True,2024-09-01,2024-09-30
20240929,2024-09-29,2024,3,9,September,39,7,True,2024-09-01,2024-09-30
20240930,2024-09-30,2024,3,9,September,40,1,False,2024-09-01,2024-09-30
20241001,2024-10-01,2024,4,10,October,40,2,False,2024-10-01,2024-10-31
20241002,2024-10-02,2024,4,10,October,40,3,False,2024-10-01,2024-10-31
20241003,2024-10-03,2024,4,10,October,40,4,False,2024-10-01,2024-10-31
20241004,2024-10-04,2024,4,10,October,40,5,False,2024-10-01,2024-10-31
20241005,2024-10-05,2024,4,10,October,40,6,True,2024-10-01,2024-10-31
20241006,2024-10-06,2024,4,10,October,40,7,True,2024-10-01,2024-10-31
20241007,2024-10-07,2024,4,10,October,41,1,False,2024-10-01,2024-10-31
20241008,2024-10-08,2024,4,10,October,41,2,False,2024-10-01,2024-10-31
20241009,2024-10-09,2024,4,10,October,41,3,False,2024-10-01,2024-10-31
20241010,2024-10-10,2024,4,10,October,41,4,False,2024-10-01,2024-10-31
20241011,2024-10-11,2024,4,10,October,41,5,False,2024-10-01,2024-10-31
20241012,2024-10-12,2024,4,10,October,41,6,True,2024-10-01,2024-10-31
20241013,2024-10-13,2024,4,10,October,41,7,True,2024-10-01,2024-10-31
20241014,2024-10-14,2024,4,10,October,42,1,False,2024-10-01,2024-10-31
20241015,2024-10-15,2024,4,10,October,42,2,False,2024-10-01,2024-10-31
20241016,2024-10-16,2024,4,10,October,42,3,False,2024-10-01,2024-10-31
20241017,2024-10-17,2024,4,10,October,42,4,False,2024-10-01,2024-10-31
20241018,2024-10-18,2024,4,10,October,42,5,False,2024-10-01,2024-10-31
20241019,2024-10-19,2024,4,10,October,42,6,True,2024-10-01,2024-10-31
20241020,2024-10-20,2024,4,10,October,42,7,True,2024-10-01,2024-10-31
20241021,2024-10-21,2024,4,10,October,43,1,False,2024-10-01,2024-10-31
20241022,2024-10-22,2024,4,10,October,43,2,False,2024-10-01,2024-10-31
20241023,2024-10-23,2024,4,10,October,43,3,False,2024-10-01,2024-10-31
20241024,2024-10-24,2024,4,10,October,43,4,False,2024-10-01,2024-10-31
20241025,2024-10-25,2024,4,10,October,43,5,False,2024-10-01,2024-10-31
20241026,2024-10-26,2024,4,10,October,43,6,True,2024-10-01,2024-10-31
20241027,2024-10-27,2024,4,10,October,43,7,True,2024-10-01,2024-10-31
20241028,2024-10-28,2024,4,10,October,44,1,False,2024-10-01,2024-10-31
20241029,2024-10-29,2024,4,10,October,44,2,False,2024-10-01,2024-10-31
20241030,2024-10-30,2024,4,10,October,44,3,False,2024-10-01,2024-10-31
20241031,2024-10-31,2024,4,10,October,44,4,False,2024-10-01,2024-10-31
20241101,2024-11-01,2024,4,11,November,44,5,False,2024-11-01,2024-11-30
20241102,2024-11-02,2024,4,11,November,44,6,True,2024-11-01,2024-11-30
20241103,2024-11-03,2024,4,11,November,44,7,True,2024-11-01,2024-11-30
20241104,2024-11-04,2024,4,11,November,45,1,False,2024-11-01,2024-11-30
20241105,2024-11-05,2024,4,11,November,45,2,False,2024-11-01,2024-11-30
20241106,2024-11-06,2024,4,11,November,45,3,False,2024-11-01,2024-11-30
20241107,2024-11-07,2024,4,11,November,45,4,False,2024-11-01,2024-11-30
20241108,2024-11-08,2024,4,11,November,45,5,False,2024-11-01,2024-11-30
20241109,2024-11-09,2024,4,11,November,45,6,True,2024-11-01,2024-11-30
20241110,2024-11-10,2024,4,11,November,45,7,True,2024-11-01,2024-11-30
20241111,2024-11-11,2024,4,11,November,46,1,False,2024-11-01,2024-11-30
20241112,2024-11-12,2024,4,11,November,46,2,False,2024-11-01,2024-11-30
20241113,2024-11-13,2024,4,11,November,46,3,False,2024-11-01,2024-11-30
20241114,2024-11-14,2024,4,11,November,46,4,False,2024-11-01,2024-11-30
20241115,2024-11-15,2024,4,11,November,46,5,False,2024-11-01,2024-11-30
20241116,2024-11-16,2024,4,11,November,46,6,True,2024-11-01,2024-11-30
20241117,2024-11-17,2024,4,11,November,46,7,True,2024-11-01,2024-11-30
20241118,2024-11-18,2024,4,11,November,47,1,False,2024-11-01,2024-11-30
20241119,2024-11-19,2024,4,11,November,47,2,False,2024-11-01,2024-11-30
20241120,2024-11-20,2024,4,11,November,47,3,False,2024-11-01,2024-11-30
20241121,2024-11-21,2024,4,11,November,47,4,False,2024-11-01,2024-11-30
20241122,2024-11-22,2024,4,11,November,47,5,False,2024-11-01,2024-11-30
20241123,2024-11-23,2024,4,11,November,47,6,True,2024-11-01,2024-11-30
20241124,2024-11-24,2024,4,11,November,47,7,True,2024-11-01,2024-11-30
20241125,2024-11-25,2024,4,11,November,48,1,False,2024-11-01,2024-11-30
20241126,2024-11-26,2024,4,11,November,48,2,False,2024-11-01,2024-11-30
20241127,2024-11-27,2024,4,11,November,48,3,False,2024-11-01,2024-11-30
20241128,2024-11-28,2024,4,11,November,48,4,False,2024-11-01,2024-11-30
20241129,2024-11-29,2024,4,11,November,48,5,False,2024-11-01,2024-11-30
20241130,2024-11-30,2024,4,11,November,48,6,True,2024-11-01,2024-11-30
20241201,2024-12-01,2024,4,12,December,48,7,True,2024-12-01,2024-12-31
20241202,2024-12-02,2024,4,12,December,49,1,False,2024-12-01,2024-12-31
20241203,2024-12-03,2024,4,12,December,49,2,False,2024-12-01,2024-12-31
20241204,2024-12-04,2024,4,12,December,49,3,False,2024-12-01,2024-12-31
20241205,2024-12-05,2024,4,12,December,49,4,False,2024-12-01,2024-12-31
20241206,2024-12-06,2024,4,12,December,49,5,False,2024-12-01,2024-12-31
20241207,2024-12-07,2024,4,12,December,49,6,True,2024-12-01,2024-12-31
20241208,2024-12-08,2024,4,12,December,49,7,True,2024-12-01,2024-12-31
20241209,2024-12-09,2024,4,12,December,50,1,False,2024-12-01,2024-12-31
20241210,2024-12-10,2024,4,12,December,50,2,False,2024-12-01,2024-12-31
20241211,2024-12-11,2024,4,12,December,50,3,False,2024-12-01,2024-12-31
20241212,2024-12-12,2024,4,12,December,50,4,False,2024-12-01,2024-12-31
20241213,2024-12-13,2024,4,12,December,50,5,False,2024-12-01,2024-12-31
20241214,2024-12-14,2024,4,12,December,50,6,True,2024-12-01,2024-12-31
20241215,2024-12-15,2024,4,12,December,50,7,True,2024-12-01,2024-12-31
20241216,2024-12-16,2024,4,12,December,51,1,False,2024-12-01,2024-12-31
20241217,2024-12-17,2024,4,12,December,51,2,False,2024-12-01,2024-12-31
20241218,2024-12-18,2024,4,12,December,51,3,False,2024-12-01,2024-12-31
20241219,2024-12-19,2024,4,12,December,51,4,False,2024-12-01,2024-12-31
20241220,2024-12-20,2024,4,12,December,51,5,False,2024-12-01,2024-12-31
20241221,2024-12-21,2024,4,12,December,51,6,True,2024-12-01,2024-12-31
20241222,2024-12-22,2024,4,12,December,51,7,True,2024-12-01,2024-12-31
20241223,2024-12-23,2024,4,12,December,52,1,False,2024-12-01,2024-12-31
20241224,2024-12-24,2024,4,12,December,52,2,False,2024-12-01,2024-12-31
20241225,2024-12-25,2024,4,12,December,52,3,False,2024-12-01,2024-12-31
20241226,2024-12-26,2024,4,12,December,52,4,False,2024-12-01,2024-12-31
20241227,2024-12-27,2024,4,12,December,52,5,False,2024-12-01,2024-12-31
20241228,2024-12-28,2024,4,12,December,52,6,True,2024-12-01,2024-12-31
20241229,2024-12-29,2024,4,12,December,52,7,True,2024-12-01,2024-12-31
20241230,2024-12-30,2024,4,12,December,1,1,False,2024-12-01,2024-12-31
20241231,2024-12-31,2024,4,12,December,1,2,False,2024-12-01,2024-12-31
20250101,2025-01-01,2025,1,1,January,1,3,False,2025-01-01,2025-01-31
20250102,2025-01-02,2025,1,1,January,1,4,False,2025-01-01,2025-01-31
20250103,2025-01-03,2025,1,1,January,1,5,False,2025-01-01,2025-01-31
20250104,2025-01-04,2025,1,1,January,1,6,True,2025-01-01,2025-01-31
20250105,2025-01-05,2025,1,1,January,1,7,True,2025-01-01,2025-01-31
20250106,2025-01-06,2025,1,1,January,2,1,False,2025-01-01,2025-01-31
20250107,2025-01-07,2025,1,1,January,2,2,False,2025-01-01,2025-01-31
20250108,2025-01-08,2025,1,1,January,2,3,False,2025-01-01,2025-01-31
20250109,2025-01-09,2025,1,1,January,2,4,False,2025-01-01,2025-01-31
20250110,2025-01-10,2025,1,1,January,2,5,False,2025-01-01,2025-01-31
20250111,2025-01-11,2025,1,1,January,2,6,True,2025-01-01,2025-01-31
20250112,2025-01-12,2025,1,1,January,2,7,True,2025-01-01,2025-01-31
20250113,2025-01-13,2025,1,1,January,3,1,False,2025-01-01,2025-01-31
20250114,2025-01-14,2025,1,1,January,3,2,False,2025-01-01,2025-01-31
20250115,2025-01-15,2025,1,1,January,3,3,False,2025-01-01,2025-01-31
20250116,2025-01-16,2025,1,1,January,3,4,False,2025-01-01,2025-01-31
20250117,2025-01-17,2025,1,1,January,3,5,False,2025-01-01,2025-01-31
20250118,2025-01-18,2025,1,1,January,3,6,True,2025-01-01,2025-01-31
20250119,2025-01-19,2025,1,1,January,3,7,True,2025-01-01,2025-01-31
20250120,2025-01-20,2025,1,1,January,4,1,False,2025-01-01,2025-01-31
20250121,2025-01-21,2025,1,1,January,4,2,False,2025-01-01,2025-01-31
20250122,2025-01-22,2025,1,1,January,4,3,False,2025-01-01,2025-01-31
20250123,2025-01-23,2025,1,1,January,4,4,False,2025-01-01,2025-01-31
20250124,2025-01-24,2025,1,1,January,4,5,False,2025-01-01,2025-01-31
20250125,2025-01-25,2025,1,1,January,4,6,True,2025-01-01,2025-01-31
20250126,2025-01-26,2025,1,1,January,4,7,True,2025-01-01,2025-01-31
20250127,2025-01-27,2025,1,1,January,5,1,False,2025-01-01,2025-01-31
20250128,2025-01-28,2025,1,1,January,5,2,False,2025-01-01,2025-01-31
20250129,2025-01-29,2025,1,1,January,5,3,False,2025-01-01,2025-01-31
20250130,2025-01-30,2025,1,1,January,5,4,False,2025-01-01,2025-01-31
20250131,2025-01-31,2025,1,1,January,5,5,False,2025-01-01,2025-01-31
20250201,2025-02-01,2025,1,2,February,5,6,True,2025-02-01,2025-02-28
20250202,2025-02-02,2025,1,2,February,5,7,True,2025-02-01,2025-02-28
20250203,2025-02-03,2025,1,2,February,6,1,False,2025-02-01,2025-02-28
20250204,2025-02-04,2025,1,2,February,6,2,False,2025-02-01,2025-02-28
20250205,2025-02-05,2025,1,2,February,6,3,False,2025-02-01,2025-02-28
20250206,2025-02-06,2025,1,2,February,6,4,False,2025-02-01,2025-02-28
20250207,2025-02-07,2025,1,2,February,6,5,False,2025-02-01,2025-02-28
20250208,2025-02-08,2025,1,2,February,6,6,True,2025-02-01,2025-02-28
20250209,2025-02-09,2025,1,2,February,6,7,True,2025-02-01,2025-02-28
20250210,2025-02-10,2025,1,2,February,7,1,False,2025-02-01,2025-02-28
20250211,2025-02-11,2025,1,2,February,7,2,False,2025-02-01,2025-02-28
20250212,2025-02-12,2025,1,2,February,7,3,False,2025-02-01,2025-02-28
20250213,2025-02-13,2025,1,2,February,7,4,False,2025-02-01,2025-02-28
20250214,2025-02-14,2025,1,2,February,7,5,False,2025-02-01,2025-02-28
20250215,2025-02-15,2025,1,2,February,7,6,True,2025-02-01,2025-02-28
20250216,2025-02-16,2025,1,2,February,7,7,True,2025-02-01,2025-02-28
20250217,2025-02-17,2025,1,2,February,8,1,False,2025-02-01,2025-02-28
20250218,2025-02-18,2025,1,2,February,8,2,False,2025-02-01,2025-02-28
20250219,2025-02-19,2025,1,2,February,8,3,False,2025-02-01,2025-02-28
20250220,2025-02-20,2025,1,2,February,8,4,False,2025-02-01,2025-02-28
20250221,2025-02-21,2025,1,2,February,8,5,False,2025-02-01,2025-02-28
20250222,2025-02-22,2025,1,2,February,8,6,True,2025-02-01,2025-02-28
20250223,2025-02-23,2025,1,2,February,8,7,True,2025-02-01,2025-02-28
20250224,2025-02-24,2025,1,2,February,9,1,False,2025-02-01,2025-02-28
20250225,2025-02-25,2025,1,2,February,9,2,False,2025-02-01,2025-02-28
20250226,2025-02-26,2025,1,2,February,9,3,False,2025-02-01,2025-02-28
20250227,2025-02-27,2025,1,2,February,9,4,False,2025-02-01,2025-02-28
20250228,2025-02-28,2025,1,2,February,9,5,False,2025-02-01,2025-02-28
20250301,2025-03-01,2025,1,3,March,9,6,True,2025-03-01,2025-03-31
20250302,2025-03-02,2025,1,3,March,9,7,True,2025-03-01,2025-03-31
20250303,2025-03-03,2025,1,3,March,10,1,False,2025-03-01,2025-03-31
20250304,2025-03-04,2025,1,3,March,10,2,False,2025-03-01,2025-03-31
20250305,2025-03-05,2025,1,3,March,10,3,False,2025-03-01,2025-03-31
20250306,2025-03-06,2025,1,3,March,10,4,False,2025-03-01,2025-03-31
20250307,2025-03-07,2025,1,3,March,10,5,False,2025-03-01,2025-03-31
20250308,2025-03-08,2025,1,3,March,10,6,True,2025-03-01,2025-03-31
20250309,2025-03-09,2025,1,3,March,10,7,True,2025-03-01,2025-03-31
20250310,2025-03-10,2025,1,3,March,11,1,False,2025-03-01,2025-03-31
20250311,2025-03-11,2025,1,3,March,11,2,False,2025-03-01,2025-03-31
20250312,2025-03-12,2025,1,3,March,11,3,False,2025-03-01,2025-03-31
20250313,2025-03-13,2025,1,3,March,11,4,False,2025-03-01,2025-03-31
20250314,2025-03-14,2025,1,3,March,11,5,False,2025-03-01,2025-03-31
20250315,2025-03-15,2025,1,3,March,11,6,True,2025-03-01,2025-03-31
20250316,2025-03-16,2025,1,3,March,11,7,True,2025-03-01,2025-03-31
20250317,2025-03-17,2025,1,3,March,12,1,False,2025-03-01,2025-03-31
20250318,2025-03-18,2025,1,3,March,12,2,False,2025-03-01,2025-03-31
20250319,2025-03-19,2025,1,3,March,12,3,False,2025-03-01,2025-03-31
20250320,2025-03-20,2025,1,3,March,12,4,False,2025-03-01,2025-03-31
20250321,2025-03-21,2025,1,3,March,12,5,False,2025-03-01,2025-03-31
20250322,2025-03-22,2025,1,3,March,12,6,True,2025-03-01,2025-03-31
20250323,2025-03-23,2025,1,3,March,12,7,True,2025-03-01,2025-03-31
20250324,2025-03-24,2025,1,3,March,13,1,False,2025-03-01,2025-03-31
20250325,2025-03-25,2025,1,3,March,13,2,False,2025-03-01,2025-03-31
20250326,2025-03-26,2025,1,3,March,13,3,False,2025-03-01,2025-03-31
20250327,2025-03-27,2025,1,3,March,13,4,False,2025-03-01,2025-03-31
20250328,2025-03-28,2025,1,3,March,13,5,False,2025-03-01,2025-03-31
20250329,2025-03-29,2025,1,3,March,13,6,True,2025-03-01,2025-03-31
20250330,2025-03-30,2025,1,3,March,13,7,True,2025-03-01,2025-03-31
20250331,2025-03-31,2025,1,3,March,14,1,False,2025-03-01,2025-03-31
20250401,2025-04-01,2025,2,4,April,14,2,False,2025-04-01,2025-04-30
20250402,2025-04-02,2025,2,4,April,14,3,False,2025-04-01,2025-04-30
20250403,2025-04-03,2025,2,4,April,14,4,False,2025-04-01,2025-04-30
20250404,2025-04-04,2025,2,4,April,14,5,False,2025-04-01,2025-04-30
20250405,2025-04-05,2025,2,4,April,14,6,True,2025-04-01,2025-04-30
20250406,2025-04-06,2025,2,4,April,14,7,True,2025-04-01,2025-04-30
20250407,2025-04-07,2025,2,4,April,15,1,False,2025-04-01,2025-04-30
20250408,2025-04-08,2025,2,4,April,15,2,False,2025-04-01,2025-04-30
20250409,2025-04-09,2025,2,4,April,15,3,False,2025-04-01,2025-04-30
20250410,2025-04-10,2025,2,4,April,15,4,False,2025-04-01,2025-04-30
20250411,2025-04-11,2025,2,4,April,15,5,False,2025-04-01,2025-04-30
20250412,2025-04-12,2025,2,4,April,15,6,True,2025-04-01,2025-04-30
20250413,2025-04-13,2025,2,4,April,15,7,True,2025-04-01,2025-04-30
20250414,2025-04-14,2025,2,4,April,16,1,False,2025-04-01,2025-04-30
20250415,2025-04-15,2025,2,4,April,16,2,False,2025-04-01,2025-04-30
20250416,2025-04-16,2025,2,4,April,16,3,False,2025-04-01,2025-04-30
20250417,2025-04-17,2025,2,4,April,16,4,False,2025-04-01,2025-04-30
20250418,2025-04-18,2025,2,4,April,16,5,False,2025-04-01,2025-04-30
20250419,2025-04-19,2025,2,4,April,16,6,True,2025-04-01,2025-04-30
20250420,2025-04-20,2025,2,4,April,16,7,True,2025-04-01,2025-04-30
20250421,2025-04-21,2025,2,4,April,17,1,False,2025-04-01,2025-04-30
20250422,2025-04-22,2025,2,4,April,17,2,False,2025-04-01,2025-04-30
20250423,2025-04-23,2025,2,4,April,17,3,False,2025-04-01,2025-04-30
20250424,2025-04-24,2025,2,4,April,17,4,False,2025-04-01,2025-04-30
20250425,2025-04-25,2025,2,4,April,17,5,False,2025-04-01,2025-04-30
20250426,2025-04-26,2025,2,4,April,17,6,True,2025-04-01,2025-04-30
20250427,2025-04-27,2025,2,4,April,17,7,True,2025-04-01,2025-04-30
20250428,2025-04-28,2025,2,4,April,18,1,False,2025-04-01,2025-04-30
20250429,2025-04-29,2025,2,4,April,18,2,False,2025-04-01,2025-04-30
20250430,2025-04-30,2025,2,4,April,18,3,False,2025-04-01,2025-04-30
20250501,2025-05-01,2025,2,5,May,18,4,False,2025-05-01,2025-05-31
20250502,2025-05-02,2025,2,5,May,18,5,False,2025-05-01,2025-05-31
20250503,2025-05-03,2025,2,5,May,18,6,True,2025-05-01,2025-05-31
20250504,2025-05-04,2025,2,5,May,18,7,True,2025-05-01,2025-05-31
20250505,2025-05-05,2025,2,5,May,19,1,False,2025-05-01,2025-05-31
20250506,2025-05-06,2025,2,5,May,19,2,False,2025-05-01,2025-05-31
20250507,2025-05-07,2025,2,5,May,19,3,False,2025-05-01,2025-05-31
20250508,2025-05-08,2025,2,5,May,19,4,False,2025-05-01,2025-05-31
20250509,2025-05-09,2025,2,5,May,19,5,False,2025-05-01,2025-05-31
20250510,2025-05-10,2025,2,5,May,19,6,True,2025-05-01,2025-05-31
20250511,2025-05-11,2025,2,5,May,19,7,True,2025-05-01,2025-05-31
20250512,2025-05-12,2025,2,5,May,20,1,False,2025-05-01,2025-05-31
20250513,2025-05-13,2025,2,5,May,20,2,False,2025-05-01,2025-05-31
20250514,2025-05-14,2025,2,5,May,20,3,False,2025-05-01,2025-05-31
20250515,2025-05-15,2025,2,5,May,20,4,False,2025-05-01,2025-05-31
20250516,2025-05-16,2025,2,5,May,20,5,False,2025-05-01,2025-05-31
20250517,2025-05-17,2025,2,5,May,20,6,True,2025-05-01,2025-05-31
20250518,2025-05-18,2025,2,5,May,20,7,True,2025-05-01,2025-05-31
20250519,2025-05-19,2025,2,5,May,21,1,False,2025-05-01,2025-05-31
20250520,2025-05-20,2025,2,5,May,21,2,False,2025-05-01,2025-05-31
20250521,2025-05-21,2025,2,5,May,21,3,False,2025-05-01,2025-05-31
20250522,2025-05-22,2025,2,5,May,21,4,False,2025-05-01,2025-05-31
20250523,2025-05-23,2025,2,5,May,21,5,False,2025-05-01,2025-05-31
20250524,2025-05-24,2025,2,5,May,21,6,True,2025-05-01,2025-05-31
20250525,2025-05-25,2025,2,5,May,21,7,True,2025-05-01,2025-05-31
20250526,2025-05-26,2025,2,5,May,22,1,False,2025-05-01,2025-05-31
20250527,2025-05-27,2025,2,5,May,22,2,False,2025-05-01,2025-05-31
20250528,2025-05-28,2025,2,5,May,22,3,False,2025-05-01,2025-05-31
20250529,2025-05-29,2025,2,5,May,22,4,False,2025-05-01,2025-05-31
20250530,2025-05-30,2025,2,5,May,22,5,False,2025-05-01,2025-05-31
20250531,2025-05-31,2025,2,5,May,22,6,True,2025-05-01,2025-05-31
20250601,2025-06-01,2025,2,6,June,22,7,True,2025-06-01,2025-06-30
20250602,2025-06-02,2025,2,6,June,23,1,False,2025-06-01,2025-06-30
20250603,2025-06-03,2025,2,6,June,23,2,False,2025-06-01,2025-06-30
20250604,2025-06-04,2025,2,6,June,23,3,False,2025-06-01,2025-06-30
20250605,2025-06-05,2025,2,6,June,23,4,False,2025-06-01,2025-06-30
20250606,2025-06-06,2025,2,6,June,23,5,False,2025-06-01,2025-06-30
20250607,2025-06-07,2025,2,6,June,23,6,True,2025-06-01,2025-06-30
20250608,2025-06-08,2025,2,6,June,23,7,True,2025-06-01,2025-06-30
20250609,2025-06-09,2025,2,6,June,24,1,False,2025-06-01,2025-06-30
20250610,2025-06-10,2025,2,6,June,24,2,False,2025-06-01,2025-06-30
20250611,2025-06-11,2025,2,6,June,24,3,False,2025-06-01,2025-06-30
20250612,2025-06-12,2025,2,6,June,24,4,False,2025-06-01,2025-06-30
20250613,2025-06-13,2025,2,6,June,24,5,False,2025-06-01,2025-06-30
20250614,2025-06-14,2025,2,6,June,24,6,True,2025-06-01,2025-06-30
20250615,2025-06-15,2025,2,6,June,24,7,True,2025-06-01,2025-06-30
20250616,2025-06-16,2025,2,6,June,25,1,False,2025-06-01,2025-06-30
20250617,2025-06-17,2025,2,6,June,25,2,False,2025-06-01,2025-06-30
20250618,2025-06-18,2025,2,6,June,25,3,False,2025-06-01,2025-06-30
20250619,2025-06-19,2025,2,6,June,25,4,False,2025-06-01,2025-06-30
20250620,2025-06-20,2025,2,6,June,25,5,False,2025-06-01,2025-06-30
20250621,2025-06-21,2025,2,6,June,25,6,True,2025-06-01,2025-06-30
20250622,2025-06-22,2025,2,6,June,25,7,True,2025-06-01,2025-06-30
20250623,2025-06-23,2025,2,6,June,26,1,False,2025-06-01,2025-06-30
20250624,2025-06-24,2025,2,6,June,26,2,False,2025-06-01,2025-06-30
20250625,2025-06-25,2025,2,6,June,26,3,False,2025-06-01,2025-06-30
20250626,2025-06-26,2025,2,6,June,26,4,False,2025-06-01,2025-06-30
20250627,2025-06-27,2025,2,6,June,26,5,False,2025-06-01,2025-06-30
20250628,2025-06-28,2025,2,6,June,26,6,True,2025-06-01,2025-06-30
20250629,2025-06-29,2025,2,6,June,26,7,True,2025-06-01,2025-06-30
20250630,2025-06-30,2025,2,6,June,27,1,False,2025-06-01,2025-06-30
20250701,2025-07-01,2025,3,7,July,27,2,False,2025-07-01,2025-07-31
20250702,2025-07-02,2025,3,7,July,27,3,False,2025-07-01,2025-07-31
20250703,2025-07-03,2025,3,7,July,27,4,False,2025-07-01,2025-07-31
20250704,2025-07-04,2025,3,7,July,27,5,False,2025-07-01,2025-07-31
20250705,2025-07-05,2025,3,7,July,27,6,True,2025-07-01,2025-07-31
20250706,2025-07-06,2025,3,7,July,27,7,True,2025-07-01,2025-07-31
20250707,2025-07-07,2025,3,7,July,28,1,False,2025-07-01,2025-07-31
20250708,2025-07-08,2025,3,7,July,28,2,False,2025-07-01,2025-07-31
20250709,2025-07-09,2025,3,7,July,28,3,False,2025-07-01,2025-07-31
20250710,2025-07-10,2025,3,7,July,28,4,False,2025-07-01,2025-07-31
20250711,2025-07-11,2025,3,7,July,28,5,False,2025-07-01,2025-07-31
20250712,2025-07-12,2025,3,7,July,28,6,True,2025-07-01,2025-07-31
20250713,2025-07-13,2025,3,7,July,28,7,True,2025-07-01,2025-07-31
20250714,2025-07-14,2025,3,7,July,29,1,False,2025-07-01,2025-07-31
20250715,2025-07-15,2025,3,7,July,29,2,False,2025-07-01,2025-07-31
20250716,2025-07-16,2025,3,7,July,29,3,False,2025-07-01,2025-07-31
20250717,2025-07-17,2025,3,7,July,29,4,False,2025-07-01,2025-07-31
20250718,2025-07-18,2025,3,7,July,29,5,False,2025-07-01,2025-07-31
20250719,2025-07-19,2025,3,7,July,29,6,True,2025-07-01,2025-07-31
20250720,2025-07-20,2025,3,7,July,29,7,True,2025-07-01,2025-07-31
20250721,2025-07-21,2025,3,7,July,30,1,False,2025-07-01,2025-07-31
20250722,2025-07-22,2025,3,7,July,30,2,False,2025-07-01,2025-07-31
20250723,2025-07-23,2025,3,7,July,30,3,False,2025-07-01,2025-07-31
20250724,2025-07-24,2025,3,7,July,30,4,False,2025-07-01,2025-07-31
20250725,2025-07-25,2025,3,7,July,30,5,False,2025-07-01,2025-07-31
20250726,2025-07-26,2025,3,7,July,30,6,True,2025-07-01,2025-07-31
20250727,2025-07-27,2025,3,7,July,30,7,True,2025-07-01,2025-07-31
20250728,2025-07-28,2025,3,7,July,31,1,False,2025-07-01,2025-07-31
20250729,2025-07-29,2025,3,7,July,31,2,False,2025-07-01,2025-07-31
20250730,2025-07-30,2025,3,7,July,31,3,False,2025-07-01,2025-07-31
20250731,2025-07-31,2025,3,7,July,31,4,False,2025-07-01,2025-07-31
20250801,2025-08-01,2025,3,8,August,31,5,False,2025-08-01,2025-08-31
20250802,2025-08-02,2025,3,8,August,31,6,True,2025-08-01,2025-08-31
20250803,2025-08-03,2025,3,8,August,31,7,True,2025-08-01,2025-08-31
20250804,2025-08-04,2025,3,8,August,32,1,False,2025-08-01,2025-08-31
20250805,2025-08-05,2025,3,8,August,32,2,False,2025-08-01,2025-08-31
20250806,2025-08-06,2025,3,8,August,32,3,False,2025-08-01,2025-08-31
20250807,2025-08-07,2025,3,8,August,32,4,False,2025-08-01,2025-08-31
20250808,2025-08-08,2025,3,8,August,32,5,False,2025-08-01,2025-08-31
20250809,2025-08-09,2025,3,8,August,32,6,True,2025-08-01,2025-08-31
20250810,2025-08-10,2025,3,8,August,32,7,True,2025-08-01,2025-08-31
20250811,2025-08-11,2025,3,8,August,33,1,False,2025-08-01,2025-08-31
20250812,2025-08-12,2025,3,8,August,33,2,False,2025-08-01,2025-08-31
20250813,2025-08-13,2025,3,8,August,33,3,False,2025-08-01,2025-08-31
20250814,2025-08-14,2025,3,8,August,33,4,False,2025-08-01,2025-08-31
20250815,2025-08-15,2025,3,8,August,33,5,False,2025-08-01,2025-08-31
20250816,2025-08-16,2025,3,8,August,33,6,True,2025-08-01,2025-08-31
20250817,2025-08-17,2025,3,8,August,33,7,True,2025-08-01,2025-08-31
20250818,2025-08-18,2025,3,8,August,34,1,False,2025-08-01,2025-08-31
20250819,2025-08-19,2025,3,8,August,34,2,False,2025-08-01,2025-08-31
20250820,2025-08-20,2025,3,8,August,34,3,False,2025-08-01,2025-08-31
20250821,2025-08-21,2025,3,8,August,34,4,False,2025-08-01,2025-08-31
20250822,2025-08-22,2025,3,8,August,34,5,False,2025-08-01,2025-08-31
20250823,2025-08-23,2025,3,8,August,34,6,True,2025-08-01,2025-08-31
20250824,2025-08-24,2025,3,8,August,34,7,True,2025-08-01,2025-08-31
20250825,2025-08-25,2025,3,8,August,35,1,False,2025-08-01,2025-08-31
20250826,2025-08-26,2025,3,8,August,35,2,False,2025-08-01,2025-08-31
20250827,2025-08-27,2025,3,8,August,35,3,False,2025-08-01,2025-08-31
20250828,2025-08-28,2025,3,8,August,35,4,False,2025-08-01,2025-08-31
20250829,2025-08-29,2025,3,8,August,35,5,False,2025-08-01,2025-08-31
20250830,2025-08-30,2025,3,8,August,35,6,True,2025-08-01,2025-08-31
20250831,2025-08-31,2025,3,8,August,35,7,True,2025-08-01,2025-08-31
20250901,2025-09-01,2025,3,9,September,36,1,False,2025-09-01,2025-09-30
20250902,2025-09-02,2025,3,9,September,36,2,False,2025-09-01,2025-09-30
20250903,2025-09-03,2025,3,9,September,36,3,False,2025-09-01,2025-09-30
20250904,2025-09-04,2025,3,9,September,36,4,False,2025-09-01,2025-09-30
20250905,2025-09-05,2025,3,9,September,36,5,False,2025-09-01,2025-09-30
20250906,2025-09-06,2025,3,9,September,36,6,True,2025-09-01,2025-09-30
20250907,2025-09-07,2025,3,9,September,36,7,True,2025-09-01,2025-09-30
20250908,2025-09-08,2025,3,9,September,37,1,False,2025-09-01,2025-09-30
20250909,2025-09-09,2025,3,9,September,37,2,False,2025-09-01,2025-09-30
20250910,2025-09-10,2025,3,9,September,37,3,False,2025-09-01,2025-09-30
20250911,2025-09-11,2025,3,9,September,37,4,False,2025-09-01,2025-09-30
20250912,2025-09-12,2025,3,9,September,37,5,False,2025-09-01,2025-09-30
20250913,2025-09-13,2025,3,9,September,37,6,True,2025-09-01,2025-09-30
20250914,2025-09-14,2025,3,9,September,37,7,True,2025-09-01,2025-09-30
20250915,2025-09-15,2025,3,9,September,38,1,False,2025-09-01,2025-09-30
20250916,2025-09-16,2025,3,9,September,38,2,False,2025-09-01,2025-09-30
20250917,2025-09-17,2025,3,9,September,38,3,False,2025-09-01,2025-09-30
20250918,2025-09-18,2025,3,9,September,38,4,False,2025-09-01,2025-09-30
20250919,2025-09-19,2025,3,9,September,38,5,False,2025-09-01,2025-09-30
20250920,2025-09-20,2025,3,9,September,38,6,True,2025-09-01,2025-09-30
20250921,2025-09-21,2025,3,9,September,38,7,True,2025-09-01,2025-09-30
20250922,2025-09-22,2025,3,9,September,39,1,False,2025-09-01,2025-09-30
20250923,2025-09-23,2025,3,9,September,39,2,False,2025-09-01,2025-09-30
20250924,2025-09-24,2025,3,9,September,39,3,False,2025-09-01,2025-09-30
20250925,2025-09-25,2025,3,9,September,39,4,False,2025-09-01,2025-09-30
20250926,2025-09-26,2025,3,9,September,39,5,False,2025-09-01,2025-09-30
20250927,2025-09-27,2025,3,9,September,39,6,True,2025-09-01,2025-09-30
20250928,2025-09-28,2025,3,9,September,39,7,True,2025-09-01,2025-09-30
20250929,2025-09-29,2025,3,9,September,40,1,False,2025-09-01,2025-09-30
20250930,2025-09-30,2025,3,9,September,40,2,False,2025-09-01,2025-09-30
20251001,2025-10-01,2025,4,10,October,40,3,False,2025-10-01,2025-10-31
20251002,2025-10-02,2025,4,10,October,40,4,False,2025-10-01,2025-10-31
20251003,2025-10-03,2025,4,10,October,40,5,False,2025-10-01,2025-10-31
20251004,2025-10-04,2025,4,10,October,40,6,True,2025-10-01,2025-10-31
20251005,2025-10-05,2025,4,10,October,40,7,True,2025-10-01,2025-10-31
20251006,2025-10-06,2025,4,10,October,41,1,False,2025-10-01,2025-10-31
20251007,2025-10-07,2025,4,10,October,41,2,False,2025-10-01,2025-10-31
20251008,2025-10-08,2025,4,10,October,41,3,False,2025-10-01,2025-10-31
20251009,2025-10-09,2025,4,10,October,41,4,False,2025-10-01,2025-10-31
20251010,2025-10-10,2025,4,10,October,41,5,False,2025-10-01,2025-10-31
20251011,2025-10-11,2025,4,10,October,41,6,True,2025-10-01,2025-10-31
20251012,2025-10-12,2025,4,10,October,41,7,True,2025-10-01,2025-10-31
20251013,2025-10-13,2025,4,10,October,42,1,False,2025-10-01,2025-10-31
20251014,2025-10-14,2025,4,10,October,42,2,False,2025-10-01,2025-10-31
20251015,2025-10-15,2025,4,10,October,42,3,False,2025-10-01,2025-10-31
20251016,2025-10-16,2025,4,10,October,42,4,False,2025-10-01,2025-10-31
20251017,2025-10-17,2025,4,10,October,42,5,False,2025-10-01,2025-10-31
20251018,2025-10-18,2025,4,10,October,42,6,True,2025-10-01,2025-10-31
20251019,2025-10-19,2025,4,10,October,42,7,True,2025-10-01,2025-10-31
20251020,2025-10-20,2025,4,10,October,43,1,False,2025-10-01,2025-10-31
20251021,2025-10-21,2025,4,10,October,43,2,False,2025-10-01,2025-10-31
20251022,2025-10-22,2025,4,10,October,43,3,False,2025-10-01,2025-10-31
20251023,2025-10-23,2025,4,10,October,43,4,False,2025-10-01,2025-10-31
20251024,2025-10-24,2025,4,10,October,43,5,False,2025-10-01,2025-10-31
20251025,2025-10-25,2025,4,10,October,43,6,True,2025-10-01,2025-10-31
20251026,2025-10-26,2025,4,10,October,43,7,True,2025-10-01,2025-10-31
20251027,2025-10-27,2025,4,10,October,44,1,False,2025-10-01,2025-10-31
20251028,2025-10-28,2025,4,10,October,44,2,False,2025-10-01,2025-10-31
20251029,2025-10-29,2025,4,10,October,44,3,False,2025-10-01,2025-10-31
20251030,2025-10-30,2025,4,10,October,44,4,False,2025-10-01,2025-10-31
20251031,2025-10-31,2025,4,10,October,44,5,False,2025-10-01,2025-10-31
20251101,2025-11-01,2025,4,11,November,44,6,True,2025-11-01,2025-11-30
20251102,2025-11-02,2025,4,11,November,44,7,True,2025-11-01,2025-11-30
20251103,2025-11-03,2025,4,11,November,45,1,False,2025-11-01,2025-11-30
20251104,2025-11-04,2025,4,11,November,45,2,False,2025-11-01,2025-11-30
20251105,2025-11-05,2025,4,11,November,45,3,False,2025-11-01,2025-11-30
20251106,2025-11-06,2025,4,11,November,45,4,False,2025-11-01,2025-11-30
20251107,2025-11-07,2025,4,11,November,45,5,False,2025-11-01,2025-11-30
20251108,2025-11-08,2025,4,11,November,45,6,True,2025-11-01,2025-11-30
20251109,2025-11-09,2025,4,11,November,45,7,True,2025-11-01,2025-11-30
20251110,2025-11-10,2025,4,11,November,46,1,False,2025-11-01,2025-11-30
20251111,2025-11-11,2025,4,11,November,46,2,False,2025-11-01,2025-11-30
20251112,2025-11-12,2025,4,11,November,46,3,False,2025-11-01,2025-11-30
20251113,2025-11-13,2025,4,11,November,46,4,False,2025-11-01,2025-11-30
20251114,2025-11-14,2025,4,11,November,46,5,False,2025-11-01,2025-11-30
20251115,2025-11-15,2025,4,11,November,46,6,True,2025-11-01,2025-11-30
20251116,2025-11-16,2025,4,11,November,46,7,True,2025-11-01,2025-11-30
20251117,2025-11-17,2025,4,11,November,47,1,False,2025-11-01,2025-11-30
20251118,2025-11-18,2025,4,11,November,47,2,False,2025-11-01,2025-11-30
20251119,2025-11-19,2025,4,11,November,47,3,False,2025-11-01,2025-11-30
20251120,2025-11-20,2025,4,11,November,47,4,False,2025-11-01,2025-11-30
20251121,2025-11-21,2025,4,11,November,47,5,False,2025-11-01,2025-11-30
20251122,2025-11-22,2025,4,11,November,47,6,True,2025-11-01,2025-11-30
20251123,2025-11-23,2025,4,11,November,47,7,True,2025-11-01,2025-11-30
20251124,2025-11-24,2025,4,11,November,48,1,False,2025-11-01,2025-11-30
20251125,2025-11-25,2025,4,11,November,48,2,False,2025-11-01,2025-11-30
20251126,2025-11-26,2025,4,11,November,48,3,False,2025-11-01,2025-11-30
20251127,2025-11-27,2025,4,11,November,48,4,False,2025-11-01,2025-11-30
20251128,2025-11-28,2025,4,11,November,48,5,False,2025-11-01,2025-11-30
20251129,2025-11-29,2025,4,11,November,48,6,True,2025-11-01,2025-11-30
20251130,2025-11-30,2025,4,11,November,48,7,True,2025-11-01,2025-11-30
20251201,2025-12-01,2025,4,12,December,49,1,False,2025-12-01,2025-12-31
20251202,2025-12-02,2025,4,12,December,49,2,False,2025-12-01,2025-12-31
20251203,2025-12-03,2025,4,12,December,49,3,False,2025-12-01,2025-12-31
20251204,2025-12-04,2025,4,12,December,49,4,False,2025-12-01,2025-12-31
20251205,2025-12-05,2025,4,12,December,49,5,False,2025-12-01,2025-12-31
20251206,2025-12-06,2025,4,12,December,49,6,True,2025-12-01,2025-12-31
20251207,2025-12-07,2025,4,12,December,49,7,True,2025-12-01,2025-12-31
20251208,2025-12-08,2025,4,12,December,50,1,False,2025-12-01,2025-12-31
20251209,2025-12-09,2025,4,12,December,50,2,False,2025-12-01,2025-12-31
20251210,2025-12-10,2025,4,12,December,50,3,False,2025-12-01,2025-12-31
20251211,2025-12-11,2025,4,12,December,50,4,False,2025-12-01,2025-12-31
20251212,2025-12-12,2025,4,12,December,50,5,False,2025-12-01,2025-12-31
20251213,2025-12-13,2025,4,12,December,50,6,True,2025-12-01,2025-12-31
20251214,2025-12-14,2025,4,12,December,50,7,True,2025-12-01,2025-12-31
20251215,2025-12-15,2025,4,12,December,51,1,False,2025-12-01,2025-12-31
20251216,2025-12-16,2025,4,12,December,51,2,False,2025-12-01,2025-12-31
20251217,2025-12-17,2025,4,12,December,51,3,False,2025-12-01,2025-12-31
20251218,2025-12-18,2025,4,12,December,51,4,False,2025-12-01,2025-12-31
20251219,2025-12-19,2025,4,12,December,51,5,False,2025-12-01,2025-12-31
20251220,2025-12-20,2025,4,12,December,51,6,True,2025-12-01,2025-12-31
20251221,2025-12-21,2025,4,12,December,51,7,True,2025-12-01,2025-12-31
20251222,2025-12-22,2025,4,12,December,52,1,False,2025-12-01,2025-12-31
20251223,2025-12-23,2025,4,12,December,52,2,False,2025-12-01,2025-12-31
20251224,2025-12-24,2025,4,12,December,52,3,False,2025-12-01,2025-12-31
20251225,2025-12-25,2025,4,12,December,52,4,False,2025-12-01,2025-12-31
20251226,2025-12-26,2025,4,12,December,52,5,False,2025-12-01,2025-12-31
20251227,2025-12-27,2025,4,12,December,52,6,True,2025-12-01,2025-12-31
20251228,2025-12-28,2025,4,12,December,52,7,True,2025-12-01,2025-12-31
20251229,2025-12-29,2025,4,12,December,1,1,False,2025-12-01,2025-12-31
20251230,2025-12-30,2025,4,12,December,1,2,False,2025-12-01,2025-12-31
20251231,2025-12-31,2025,4,12,December,1,3,False,2025-12-01,2025-12-31
