fx_rate_id,date_key,rate_date,from_currency,to_currency,exchange_rate
1,20230101,2023-01-01,USD,CAD,1.3452
2,20230101,2023-01-01,EUR,CAD,1.5022
3,20230102,2023-01-02,USD,CAD,1.3559
4,20230102,2023-01-02,EUR,CAD,1.4783
5,20230103,2023-01-03,USD,CAD,1.3419
6,20230103,2023-01-03,EUR,CAD,1.5073
7,20230104,2023-01-04,USD,CAD,1.3489
8,20230104,2023-01-04,EUR,CAD,1.4946
9,20230105,2023-01-05,USD,CAD,1.3438
10,20230105,2023-01-05,EUR,CAD,1.4721
11,20230106,2023-01-06,USD,CAD,1.319
12,20230106,2023-01-06,EUR,CAD,1.5069
13,20230107,2023-01-07,USD,CAD,1.3339
14,20230107,2023-01-07,EUR,CAD,1.4873
15,20230108,2023-01-08,USD,CAD,1.3411
16,20230108,2023-01-08,EUR,CAD,1.499
17,20230109,2023-01-09,USD,CAD,1.3265
18,20230109,2023-01-09,EUR,CAD,1.4773
19,20230110,2023-01-10,USD,CAD,1.3448
20,20230110,2023-01-10,EUR,CAD,1.4887
21,20230111,2023-01-11,USD,CAD,1.3433
22,20230111,2023-01-11,EUR,CAD,1.5209
23,20230112,2023-01-12,USD,CAD,1.3703
24,20230112,2023-01-12,EUR,CAD,1.4991
25,20230113,2023-01-13,USD,CAD,1.3673
26,20230113,2023-01-13,EUR,CAD,1.5095
27,20230114,2023-01-14,USD,CAD,1.3406
28,20230114,2023-01-14,EUR,CAD,1.4798
29,20230115,2023-01-15,USD,CAD,1.3389
30,20230115,2023-01-15,EUR,CAD,1.4992
31,20230116,2023-01-16,USD,CAD,1.3467
32,20230116,2023-01-16,EUR,CAD,1.4748
33,20230117,2023-01-17,USD,CAD,1.3539
34,20230117,2023-01-17,EUR,CAD,1.5074
35,20230118,2023-01-18,USD,CAD,1.3381
36,20230118,2023-01-18,EUR,CAD,1.4824
37,20230119,2023-01-19,USD,CAD,1.3488
38,20230119,2023-01-19,EUR,CAD,1.4789
39,20230120,2023-01-20,USD,CAD,1.3512
40,20230120,2023-01-20,EUR,CAD,1.4884
41,20230121,2023-01-21,USD,CAD,1.3512
42,20230121,2023-01-21,EUR,CAD,1.5128
43,20230122,2023-01-22,USD,CAD,1.3597
44,20230122,2023-01-22,EUR,CAD,1.4853
45,20230123,2023-01-23,USD,CAD,1.3527
46,20230123,2023-01-23,EUR,CAD,1.5142
47,20230124,2023-01-24,USD,CAD,1.35
48,20230124,2023-01-24,EUR,CAD,1.485
49,20230125,2023-01-25,USD,CAD,1.364
50,20230125,2023-01-25,EUR,CAD,1.5046
51,20230126,2023-01-26,USD,CAD,1.3367
52,20230126,2023-01-26,EUR,CAD,1.463
53,20230127,2023-01-27,USD,CAD,1.3664
54,20230127,2023-01-27,EUR,CAD,1.4968
55,20230128,2023-01-28,USD,CAD,1.3504
56,20230128,2023-01-28,EUR,CAD,1.5155
57,20230129,2023-01-29,USD,CAD,1.3492
58,20230129,2023-01-29,EUR,CAD,1.5078
59,20230130,2023-01-30,USD,CAD,1.3569
60,20230130,2023-01-30,EUR,CAD,1.4926
61,20230131,2023-01-31,USD,CAD,1.3707
62,20230131,2023-01-31,EUR,CAD,1.4811
63,20230201,2023-02-01,USD,CAD,1.365
64,20230201,2023-02-01,EUR,CAD,1.4982
65,20230202,2023-02-02,USD,CAD,1.3583
66,20230202,2023-02-02,EUR,CAD,1.5034
67,20230203,2023-02-03,USD,CAD,1.3561
68,20230203,2023-02-03,EUR,CAD,1.4921
69,20230204,2023-02-04,USD,CAD,1.3619
70,20230204,2023-02-04,EUR,CAD,1.4765
71,20230205,2023-02-05,USD,CAD,1.3773
72,20230205,2023-02-05,EUR,CAD,1.5116
73,20230206,2023-02-06,USD,CAD,1.3696
74,20230206,2023-02-06,EUR,CAD,1.5147
75,20230207,2023-02-07,USD,CAD,1.352
76,20230207,2023-02-07,EUR,CAD,1.4978
77,20230208,2023-02-08,USD,CAD,1.3626
78,20230208,2023-02-08,EUR,CAD,1.5043
79,20230209,2023-02-09,USD,CAD,1.3626
80,20230209,2023-02-09,EUR,CAD,1.4965
81,20230210,2023-02-10,USD,CAD,1.3542
82,20230210,2023-02-10,EUR,CAD,1.4837
83,20230211,2023-02-11,USD,CAD,1.3737
84,20230211,2023-02-11,EUR,CAD,1.5028
85,20230212,2023-02-12,USD,CAD,1.3756
86,20230212,2023-02-12,EUR,CAD,1.5306
87,20230213,2023-02-13,USD,CAD,1.3683
88,20230213,2023-02-13,EUR,CAD,1.5132
89,20230214,2023-02-14,USD,CAD,1.3663
90,20230214,2023-02-14,EUR,CAD,1.4974
91,20230215,2023-02-15,USD,CAD,1.3671
92,20230215,2023-02-15,EUR,CAD,1.4841
93,20230216,2023-02-16,USD,CAD,1.3878
94,20230216,2023-02-16,EUR,CAD,1.5072
95,20230217,2023-02-17,USD,CAD,1.366
96,20230217,2023-02-17,EUR,CAD,1.4872
97,20230218,2023-02-18,USD,CAD,1.3679
98,20230218,2023-02-18,EUR,CAD,1.4905
99,20230219,2023-02-19,USD,CAD,1.3527
100,20230219,2023-02-19,EUR,CAD,1.4957
101,20230220,2023-02-20,USD,CAD,1.3821
102,20230220,2023-02-20,EUR,CAD,1.5007
103,20230221,2023-02-21,USD,CAD,1.3895
104,20230221,2023-02-21,EUR,CAD,1.4736
105,20230222,2023-02-22,USD,CAD,1.3675
106,20230222,2023-02-22,EUR,CAD,1.4796
107,20230223,2023-02-23,USD,CAD,1.3729
108,20230223,2023-02-23,EUR,CAD,1.5067
109,20230224,2023-02-24,USD,CAD,1.3812
110,20230224,2023-02-24,EUR,CAD,1.5011
111,20230225,2023-02-25,USD,CAD,1.3749
112,20230225,2023-02-25,EUR,CAD,1.5008
113,20230226,2023-02-26,USD,CAD,1.3892
114,20230226,2023-02-26,EUR,CAD,1.4824
115,20230227,2023-02-27,USD,CAD,1.3907
116,20230227,2023-02-27,EUR,CAD,1.5098
117,20230228,2023-02-28,USD,CAD,1.3634
118,20230228,2023-02-28,EUR,CAD,1.4921
119,20230301,2023-03-01,USD,CAD,1.3879
120,20230301,2023-03-01,EUR,CAD,1.4889
121,20230302,2023-03-02,USD,CAD,1.381
122,20230302,2023-03-02,EUR,CAD,1.4898
123,20230303,2023-03-03,USD,CAD,1.3731
124,20230303,2023-03-03,EUR,CAD,1.4874
125,20230304,2023-03-04,USD,CAD,1.3773
126,20230304,2023-03-04,EUR,CAD,1.4916
127,20230305,2023-03-05,USD,CAD,1.3698
128,20230305,2023-03-05,EUR,CAD,1.4826
129,20230306,2023-03-06,USD,CAD,1.3716
130,20230306,2023-03-06,EUR,CAD,1.5177
131,20230307,2023-03-07,USD,CAD,1.3685
132,20230307,2023-03-07,EUR,CAD,1.4969
133,20230308,2023-03-08,USD,CAD,1.3657
134,20230308,2023-03-08,EUR,CAD,1.4806
135,20230309,2023-03-09,USD,CAD,1.3844
136,20230309,2023-03-09,EUR,CAD,1.4686
137,20230310,2023-03-10,USD,CAD,1.3697
138,20230310,2023-03-10,EUR,CAD,1.5009
139,20230311,2023-03-11,USD,CAD,1.366
140,20230311,2023-03-11,EUR,CAD,1.4902
141,20230312,2023-03-12,USD,CAD,1.385
142,20230312,2023-03-12,EUR,CAD,1.4714
143,20230313,2023-03-13,USD,CAD,1.3893
144,20230313,2023-03-13,EUR,CAD,1.4828
145,20230314,2023-03-14,USD,CAD,1.3774
146,20230314,2023-03-14,EUR,CAD,1.4937
147,20230315,2023-03-15,USD,CAD,1.3743
148,20230315,2023-03-15,EUR,CAD,1.4699
149,20230316,2023-03-16,USD,CAD,1.3777
150,20230316,2023-03-16,EUR,CAD,1.5103
151,20230317,2023-03-17,USD,CAD,1.3792
152,20230317,2023-03-17,EUR,CAD,1.4856
153,20230318,2023-03-18,USD,CAD,1.3741
154,20230318,2023-03-18,EUR,CAD,1.4891
155,20230319,2023-03-19,USD,CAD,1.3771
156,20230319,2023-03-19,EUR,CAD,1.4895
157,20230320,2023-03-20,USD,CAD,1.3857
158,20230320,2023-03-20,EUR,CAD,1.5136
159,20230321,2023-03-21,USD,CAD,1.3549
160,20230321,2023-03-21,EUR,CAD,1.4974
161,20230322,2023-03-22,USD,CAD,1.3766
162,20230322,2023-03-22,EUR,CAD,1.4734
163,20230323,2023-03-23,USD,CAD,1.3815
164,20230323,2023-03-23,EUR,CAD,1.4763
165,20230324,2023-03-24,USD,CAD,1.3687
166,20230324,2023-03-24,EUR,CAD,1.4733
167,20230325,2023-03-25,USD,CAD,1.3823
168,20230325,2023-03-25,EUR,CAD,1.4674
169,20230326,2023-03-26,USD,CAD,1.3656
170,20230326,2023-03-26,EUR,CAD,1.4741
171,20230327,2023-03-27,USD,CAD,1.382
172,20230327,2023-03-27,EUR,CAD,1.496
173,20230328,2023-03-28,USD,CAD,1.3733
174,20230328,2023-03-28,EUR,CAD,1.4728
175,20230329,2023-03-29,USD,CAD,1.3993
176,20230329,2023-03-29,EUR,CAD,1.4709
177,20230330,2023-03-30,USD,CAD,1.3659
178,20230330,2023-03-30,EUR,CAD,1.4832
179,20230331,2023-03-31,USD,CAD,1.385
180,20230331,2023-03-31,EUR,CAD,1.4866
181,20230401,2023-04-01,USD,CAD,1.3855
182,20230401,2023-04-01,EUR,CAD,1.4806
183,20230402,2023-04-02,USD,CAD,1.3794
184,20230402,2023-04-02,EUR,CAD,1.4615
185,20230403,2023-04-03,USD,CAD,1.3863
186,20230403,2023-04-03,EUR,CAD,1.4915
187,20230404,2023-04-04,USD,CAD,1.3827
188,20230404,2023-04-04,EUR,CAD,1.4567
189,20230405,2023-04-05,USD,CAD,1.3672
190,20230405,2023-04-05,EUR,CAD,1.4688
191,20230406,2023-04-06,USD,CAD,1.3731
192,20230406,2023-04-06,EUR,CAD,1.4673
193,20230407,2023-04-07,USD,CAD,1.3772
194,20230407,2023-04-07,EUR,CAD,1.4846
195,20230408,2023-04-08,USD,CAD,1.3676
196,20230408,2023-04-08,EUR,CAD,1.4585
197,20230409,2023-04-09,USD,CAD,1.3815
198,20230409,2023-04-09,EUR,CAD,1.478
199,20230410,2023-04-10,USD,CAD,1.3898
200,20230410,2023-04-10,EUR,CAD,1.4753
201,20230411,2023-04-11,USD,CAD,1.3961
202,20230411,2023-04-11,EUR,CAD,1.4693
203,20230412,2023-04-12,USD,CAD,1.3725
204,20230412,2023-04-12,EUR,CAD,1.4636
205,20230413,2023-04-13,USD,CAD,1.3875
206,20230413,2023-04-13,EUR,CAD,1.4608
207,20230414,2023-04-14,USD,CAD,1.3779
208,20230414,2023-04-14,EUR,CAD,1.4605
209,20230415,2023-04-15,USD,CAD,1.373
210,20230415,2023-04-15,EUR,CAD,1.4514
211,20230416,2023-04-16,USD,CAD,1.3792
212,20230416,2023-04-16,EUR,CAD,1.4731
213,20230417,2023-04-17,USD,CAD,1.374
214,20230417,2023-04-17,EUR,CAD,1.4607
215,20230418,2023-04-18,USD,CAD,1.3667
216,20230418,2023-04-18,EUR,CAD,1.4564
217,20230419,2023-04-19,USD,CAD,1.3768
218,20230419,2023-04-19,EUR,CAD,1.4495
219,20230420,2023-04-20,USD,CAD,1.4016
220,20230420,2023-04-20,EUR,CAD,1.4698
221,20230421,2023-04-21,USD,CAD,1.3661
222,20230421,2023-04-21,EUR,CAD,1.4709
223,20230422,2023-04-22,USD,CAD,1.3751
224,20230422,2023-04-22,EUR,CAD,1.4612
225,20230423,2023-04-23,USD,CAD,1.3661
226,20230423,2023-04-23,EUR,CAD,1.4716
227,20230424,2023-04-24,USD,CAD,1.3743
228,20230424,2023-04-24,EUR,CAD,1.4714
229,20230425,2023-04-25,USD,CAD,1.3825
230,20230425,2023-04-25,EUR,CAD,1.4613
231,20230426,2023-04-26,USD,CAD,1.3979
232,20230426,2023-04-26,EUR,CAD,1.4495
233,20230427,2023-04-27,USD,CAD,1.3761
234,20230427,2023-04-27,EUR,CAD,1.4684
235,20230428,2023-04-28,USD,CAD,1.3745
236,20230428,2023-04-28,EUR,CAD,1.4515
237,20230429,2023-04-29,USD,CAD,1.3674
238,20230429,2023-04-29,EUR,CAD,1.4559
239,20230430,2023-04-30,USD,CAD,1.3802
240,20230430,2023-04-30,EUR,CAD,1.4503
241,20230501,2023-05-01,USD,CAD,1.3745
242,20230501,2023-05-01,EUR,CAD,1.4549
243,20230502,2023-05-02,USD,CAD,1.3658
244,20230502,2023-05-02,EUR,CAD,1.4546
245,20230503,2023-05-03,USD,CAD,1.3844
246,20230503,2023-05-03,EUR,CAD,1.4553
247,20230504,2023-05-04,USD,CAD,1.3951
248,20230504,2023-05-04,EUR,CAD,1.4465
249,20230505,2023-05-05,USD,CAD,1.3728
250,20230505,2023-05-05,EUR,CAD,1.4525
251,20230506,2023-05-06,USD,CAD,1.382
252,20230506,2023-05-06,EUR,CAD,1.4465
253,20230507,2023-05-07,USD,CAD,1.3726
254,20230507,2023-05-07,EUR,CAD,1.4619
255,20230508,2023-05-08,USD,CAD,1.3803
256,20230508,2023-05-08,EUR,CAD,1.4534
257,20230509,2023-05-09,USD,CAD,1.3923
258,20230509,2023-05-09,EUR,CAD,1.4518
259,20230510,2023-05-10,USD,CAD,1.3756
260,20230510,2023-05-10,EUR,CAD,1.4394
261,20230511,2023-05-11,USD,CAD,1.3741
262,20230511,2023-05-11,EUR,CAD,1.4248
263,20230512,2023-05-12,USD,CAD,1.3778
264,20230512,2023-05-12,EUR,CAD,1.4645
265,20230513,2023-05-13,USD,CAD,1.3634
266,20230513,2023-05-13,EUR,CAD,1.4419
267,20230514,2023-05-14,USD,CAD,1.3705
268,20230514,2023-05-14,EUR,CAD,1.426
269,20230515,2023-05-15,USD,CAD,1.3825
270,20230515,2023-05-15,EUR,CAD,1.4317
271,20230516,2023-05-16,USD,CAD,1.3622
272,20230516,2023-05-16,EUR,CAD,1.4472
273,20230517,2023-05-17,USD,CAD,1.3631
274,20230517,2023-05-17,EUR,CAD,1.4214
275,20230518,2023-05-18,USD,CAD,1.36
276,20230518,2023-05-18,EUR,CAD,1.4475
277,20230519,2023-05-19,USD,CAD,1.363
278,20230519,2023-05-19,EUR,CAD,1.4419
279,20230520,2023-05-20,USD,CAD,1.3579
280,20230520,2023-05-20,EUR,CAD,1.4455
281,20230521,2023-05-21,USD,CAD,1.3507
282,20230521,2023-05-21,EUR,CAD,1.4411
283,20230522,2023-05-22,USD,CAD,1.3794
284,20230522,2023-05-22,EUR,CAD,1.4242
285,20230523,2023-05-23,USD,CAD,1.3729
286,20230523,2023-05-23,EUR,CAD,1.4252
287,20230524,2023-05-24,USD,CAD,1.3515
288,20230524,2023-05-24,EUR,CAD,1.4494
289,20230525,2023-05-25,USD,CAD,1.3538
290,20230525,2023-05-25,EUR,CAD,1.4541
291,20230526,2023-05-26,USD,CAD,1.3499
292,20230526,2023-05-26,EUR,CAD,1.4094
293,20230527,2023-05-27,USD,CAD,1.3708
294,20230527,2023-05-27,EUR,CAD,1.4057
295,20230528,2023-05-28,USD,CAD,1.3487
296,20230528,2023-05-28,EUR,CAD,1.4381
297,20230529,2023-05-29,USD,CAD,1.3704
298,20230529,2023-05-29,EUR,CAD,1.4413
299,20230530,2023-05-30,USD,CAD,1.3644
300,20230530,2023-05-30,EUR,CAD,1.4338
301,20230531,2023-05-31,USD,CAD,1.361
302,20230531,2023-05-31,EUR,CAD,1.423
303,20230601,2023-06-01,USD,CAD,1.3645
304,20230601,2023-06-01,EUR,CAD,1.4223
305,20230602,2023-06-02,USD,CAD,1.3518
306,20230602,2023-06-02,EUR,CAD,1.4249
307,20230603,2023-06-03,USD,CAD,1.368
308,20230603,2023-06-03,EUR,CAD,1.4032
309,20230604,2023-06-04,USD,CAD,1.371
310,20230604,2023-06-04,EUR,CAD,1.4059
311,20230605,2023-06-05,USD,CAD,1.363
312,20230605,2023-06-05,EUR,CAD,1.4239
313,20230606,2023-06-06,USD,CAD,1.3622
314,20230606,2023-06-06,EUR,CAD,1.4342
315,20230607,2023-06-07,USD,CAD,1.3619
316,20230607,2023-06-07,EUR,CAD,1.4284
317,20230608,2023-06-08,USD,CAD,1.3602
318,20230608,2023-06-08,EUR,CAD,1.4013
319,20230609,2023-06-09,USD,CAD,1.3447
320,20230609,2023-06-09,EUR,CAD,1.4293
321,20230610,2023-06-10,USD,CAD,1.3322
322,20230610,2023-06-10,EUR,CAD,1.4294
323,20230611,2023-06-11,USD,CAD,1.3519
324,20230611,2023-06-11,EUR,CAD,1.4255
325,20230612,2023-06-12,USD,CAD,1.3397
326,20230612,2023-06-12,EUR,CAD,1.4149
327,20230613,2023-06-13,USD,CAD,1.3441
328,20230613,2023-06-13,EUR,CAD,1.4373
329,20230614,2023-06-14,USD,CAD,1.3416
330,20230614,2023-06-14,EUR,CAD,1.4048
331,20230615,2023-06-15,USD,CAD,1.3614
332,20230615,2023-06-15,EUR,CAD,1.4205
333,20230616,2023-06-16,USD,CAD,1.3517
334,20230616,2023-06-16,EUR,CAD,1.416
335,20230617,2023-06-17,USD,CAD,1.3535
336,20230617,2023-06-17,EUR,CAD,1.4343
337,20230618,2023-06-18,USD,CAD,1.3545
338,20230618,2023-06-18,EUR,CAD,1.4152
339,20230619,2023-06-19,USD,CAD,1.3459
340,20230619,2023-06-19,EUR,CAD,1.4158
341,20230620,2023-06-20,USD,CAD,1.3638
342,20230620,2023-06-20,EUR,CAD,1.4213
343,20230621,2023-06-21,USD,CAD,1.3408
344,20230621,2023-06-21,EUR,CAD,1.417
345,20230622,2023-06-22,USD,CAD,1.3385
346,20230622,2023-06-22,EUR,CAD,1.4177
347,20230623,2023-06-23,USD,CAD,1.3481
348,20230623,2023-06-23,EUR,CAD,1.406
349,20230624,2023-06-24,USD,CAD,1.35
350,20230624,2023-06-24,EUR,CAD,1.3992
351,20230625,2023-06-25,USD,CAD,1.3408
352,20230625,2023-06-25,EUR,CAD,1.4143
353,20230626,2023-06-26,USD,CAD,1.3235
354,20230626,2023-06-26,EUR,CAD,1.4199
355,20230627,2023-06-27,USD,CAD,1.3389
356,20230627,2023-06-27,EUR,CAD,1.4133
357,20230628,2023-06-28,USD,CAD,1.3488
358,20230628,2023-06-28,EUR,CAD,1.4009
359,20230629,2023-06-29,USD,CAD,1.353
360,20230629,2023-06-29,EUR,CAD,1.4125
361,20230630,2023-06-30,USD,CAD,1.3271
362,20230630,2023-06-30,EUR,CAD,1.3997
363,20230701,2023-07-01,USD,CAD,1.3511
364,20230701,2023-07-01,EUR,CAD,1.4084
365,20230702,2023-07-02,USD,CAD,1.35
366,20230702,2023-07-02,EUR,CAD,1.4089
367,20230703,2023-07-03,USD,CAD,1.3438
368,20230703,2023-07-03,EUR,CAD,1.4103
369,20230704,2023-07-04,USD,CAD,1.3434
370,20230704,2023-07-04,EUR,CAD,1.3839
371,20230705,2023-07-05,USD,CAD,1.3313
372,20230705,2023-07-05,EUR,CAD,1.4187
373,20230706,2023-07-06,USD,CAD,1.3306
374,20230706,2023-07-06,EUR,CAD,1.3814
375,20230707,2023-07-07,USD,CAD,1.3418
376,20230707,2023-07-07,EUR,CAD,1.4064
377,20230708,2023-07-08,USD,CAD,1.346
378,20230708,2023-07-08,EUR,CAD,1.4035
379,20230709,2023-07-09,USD,CAD,1.3201
380,20230709,2023-07-09,EUR,CAD,1.3967
381,20230710,2023-07-10,USD,CAD,1.3356
382,20230710,2023-07-10,EUR,CAD,1.4145
383,20230711,2023-07-11,USD,CAD,1.3301
384,20230711,2023-07-11,EUR,CAD,1.4197
385,20230712,2023-07-12,USD,CAD,1.3172
386,20230712,2023-07-12,EUR,CAD,1.3991
387,20230713,2023-07-13,USD,CAD,1.344
388,20230713,2023-07-13,EUR,CAD,1.4045
389,20230714,2023-07-14,USD,CAD,1.3351
390,20230714,2023-07-14,EUR,CAD,1.4013
391,20230715,2023-07-15,USD,CAD,1.3379
392,20230715,2023-07-15,EUR,CAD,1.4118
393,20230716,2023-07-16,USD,CAD,1.3429
394,20230716,2023-07-16,EUR,CAD,1.4094
395,20230717,2023-07-17,USD,CAD,1.3255
396,20230717,2023-07-17,EUR,CAD,1.4028
397,20230718,2023-07-18,USD,CAD,1.3148
398,20230718,2023-07-18,EUR,CAD,1.3967
399,20230719,2023-07-19,USD,CAD,1.3404
400,20230719,2023-07-19,EUR,CAD,1.4277
401,20230720,2023-07-20,USD,CAD,1.3106
402,20230720,2023-07-20,EUR,CAD,1.3937
403,20230721,2023-07-21,USD,CAD,1.3218
404,20230721,2023-07-21,EUR,CAD,1.3977
405,20230722,2023-07-22,USD,CAD,1.3223
406,20230722,2023-07-22,EUR,CAD,1.3931
407,20230723,2023-07-23,USD,CAD,1.3407
408,20230723,2023-07-23,EUR,CAD,1.3761
409,20230724,2023-07-24,USD,CAD,1.3159
410,20230724,2023-07-24,EUR,CAD,1.4017
411,20230725,2023-07-25,USD,CAD,1.3213
412,20230725,2023-07-25,EUR,CAD,1.4
413,20230726,2023-07-26,USD,CAD,1.316
414,20230726,2023-07-26,EUR,CAD,1.3936
415,20230727,2023-07-27,USD,CAD,1.3205
416,20230727,2023-07-27,EUR,CAD,1.3965
417,20230728,2023-07-28,USD,CAD,1.3343
418,20230728,2023-07-28,EUR,CAD,1.4065
419,20230729,2023-07-29,USD,CAD,1.3071
420,20230729,2023-07-29,EUR,CAD,1.4065
421,20230730,2023-07-30,USD,CAD,1.3207
422,20230730,2023-07-30,EUR,CAD,1.4131
423,20230731,2023-07-31,USD,CAD,1.3337
424,20230731,2023-07-31,EUR,CAD,1.3965
425,20230801,2023-08-01,USD,CAD,1.3294
426,20230801,2023-08-01,EUR,CAD,1.4022
427,20230802,2023-08-02,USD,CAD,1.313
428,20230802,2023-08-02,EUR,CAD,1.3925
429,20230803,2023-08-03,USD,CAD,1.3155
430,20230803,2023-08-03,EUR,CAD,1.3991
431,20230804,2023-08-04,USD,CAD,1.3146
432,20230804,2023-08-04,EUR,CAD,1.3896
433,20230805,2023-08-05,USD,CAD,1.3206
434,20230805,2023-08-05,EUR,CAD,1.4074
435,20230806,2023-08-06,USD,CAD,1.3221
436,20230806,2023-08-06,EUR,CAD,1.3986
437,20230807,2023-08-07,USD,CAD,1.3205
438,20230807,2023-08-07,EUR,CAD,1.4104
439,20230808,2023-08-08,USD,CAD,1.3292
440,20230808,2023-08-08,EUR,CAD,1.4114
441,20230809,2023-08-09,USD,CAD,1.3248
442,20230809,2023-08-09,EUR,CAD,1.401
443,20230810,2023-08-10,USD,CAD,1.323
444,20230810,2023-08-10,EUR,CAD,1.395
445,20230811,2023-08-11,USD,CAD,1.3196
446,20230811,2023-08-11,EUR,CAD,1.4144
447,20230812,2023-08-12,USD,CAD,1.3184
448,20230812,2023-08-12,EUR,CAD,1.4114
449,20230813,2023-08-13,USD,CAD,1.3162
450,20230813,2023-08-13,EUR,CAD,1.3992
451,20230814,2023-08-14,USD,CAD,1.3146
452,20230814,2023-08-14,EUR,CAD,1.3884
453,20230815,2023-08-15,USD,CAD,1.3228
454,20230815,2023-08-15,EUR,CAD,1.4241
455,20230816,2023-08-16,USD,CAD,1.3262
456,20230816,2023-08-16,EUR,CAD,1.4117
457,20230817,2023-08-17,USD,CAD,1.3079
458,20230817,2023-08-17,EUR,CAD,1.4032
459,20230818,2023-08-18,USD,CAD,1.3034
460,20230818,2023-08-18,EUR,CAD,1.4006
461,20230819,2023-08-19,USD,CAD,1.3059
462,20230819,2023-08-19,EUR,CAD,1.3953
463,20230820,2023-08-20,USD,CAD,1.313
464,20230820,2023-08-20,EUR,CAD,1.3711
465,20230821,2023-08-21,USD,CAD,1.305
466,20230821,2023-08-21,EUR,CAD,1.3989
467,20230822,2023-08-22,USD,CAD,1.3074
468,20230822,2023-08-22,EUR,CAD,1.4165
469,20230823,2023-08-23,USD,CAD,1.3119
470,20230823,2023-08-23,EUR,CAD,1.4004
471,20230824,2023-08-24,USD,CAD,1.315
472,20230824,2023-08-24,EUR,CAD,1.397
473,20230825,2023-08-25,USD,CAD,1.2993
474,20230825,2023-08-25,EUR,CAD,1.4035
475,20230826,2023-08-26,USD,CAD,1.3085
476,20230826,2023-08-26,EUR,CAD,1.3921
477,20230827,2023-08-27,USD,CAD,1.3122
478,20230827,2023-08-27,EUR,CAD,1.4006
479,20230828,2023-08-28,USD,CAD,1.2916
480,20230828,2023-08-28,EUR,CAD,1.4067
481,20230829,2023-08-29,USD,CAD,1.3006
482,20230829,2023-08-29,EUR,CAD,1.4034
483,20230830,2023-08-30,USD,CAD,1.2986
484,20230830,2023-08-30,EUR,CAD,1.4323
485,20230831,2023-08-31,USD,CAD,1.289
486,20230831,2023-08-31,EUR,CAD,1.4074
487,20230901,2023-09-01,USD,CAD,1.3037
488,20230901,2023-09-01,EUR,CAD,1.4036
489,20230902,2023-09-02,USD,CAD,1.3113
490,20230902,2023-09-02,EUR,CAD,1.3946
491,20230903,2023-09-03,USD,CAD,1.3027
492,20230903,2023-09-03,EUR,CAD,1.4182
493,20230904,2023-09-04,USD,CAD,1.3121
494,20230904,2023-09-04,EUR,CAD,1.399
495,20230905,2023-09-05,USD,CAD,1.3151
496,20230905,2023-09-05,EUR,CAD,1.3966
497,20230906,2023-09-06,USD,CAD,1.3017
498,20230906,2023-09-06,EUR,CAD,1.4125
499,20230907,2023-09-07,USD,CAD,1.2977
500,20230907,2023-09-07,EUR,CAD,1.418
501,20230908,2023-09-08,USD,CAD,1.3031
502,20230908,2023-09-08,EUR,CAD,1.3969
503,20230909,2023-09-09,USD,CAD,1.3065
504,20230909,2023-09-09,EUR,CAD,1.4004
505,20230910,2023-09-10,USD,CAD,1.3131
506,20230910,2023-09-10,EUR,CAD,1.4068
507,20230911,2023-09-11,USD,CAD,1.3035
508,20230911,2023-09-11,EUR,CAD,1.4297
509,20230912,2023-09-12,USD,CAD,1.3037
510,20230912,2023-09-12,EUR,CAD,1.411
511,20230913,2023-09-13,USD,CAD,1.3105
512,20230913,2023-09-13,EUR,CAD,1.4191
513,20230914,2023-09-14,USD,CAD,1.2985
514,20230914,2023-09-14,EUR,CAD,1.4077
515,20230915,2023-09-15,USD,CAD,1.2944
516,20230915,2023-09-15,EUR,CAD,1.4135
517,20230916,2023-09-16,USD,CAD,1.3078
518,20230916,2023-09-16,EUR,CAD,1.412
519,20230917,2023-09-17,USD,CAD,1.3029
520,20230917,2023-09-17,EUR,CAD,1.4392
521,20230918,2023-09-18,USD,CAD,1.2847
522,20230918,2023-09-18,EUR,CAD,1.3961
523,20230919,2023-09-19,USD,CAD,1.2931
524,20230919,2023-09-19,EUR,CAD,1.3954
525,20230920,2023-09-20,USD,CAD,1.3073
526,20230920,2023-09-20,EUR,CAD,1.415
527,20230921,2023-09-21,USD,CAD,1.3077
528,20230921,2023-09-21,EUR,CAD,1.4126
529,20230922,2023-09-22,USD,CAD,1.3006
530,20230922,2023-09-22,EUR,CAD,1.4272
531,20230923,2023-09-23,USD,CAD,1.2883
532,20230923,2023-09-23,EUR,CAD,1.4077
533,20230924,2023-09-24,USD,CAD,1.284
534,20230924,2023-09-24,EUR,CAD,1.3966
535,20230925,2023-09-25,USD,CAD,1.3135
536,20230925,2023-09-25,EUR,CAD,1.4151
537,20230926,2023-09-26,USD,CAD,1.2874
538,20230926,2023-09-26,EUR,CAD,1.44
539,20230927,2023-09-27,USD,CAD,1.3045
540,20230927,2023-09-27,EUR,CAD,1.3993
541,20230928,2023-09-28,USD,CAD,1.2802
542,20230928,2023-09-28,EUR,CAD,1.4318
543,20230929,2023-09-29,USD,CAD,1.2777
544,20230929,2023-09-29,EUR,CAD,1.4272
545,20230930,2023-09-30,USD,CAD,1.3098
546,20230930,2023-09-30,EUR,CAD,1.3949
547,20231001,2023-10-01,USD,CAD,1.2819
548,20231001,2023-10-01,EUR,CAD,1.4112
549,20231002,2023-10-02,USD,CAD,1.295
550,20231002,2023-10-02,EUR,CAD,1.411
551,20231003,2023-10-03,USD,CAD,1.2912
552,20231003,2023-10-03,EUR,CAD,1.4281
553,20231004,2023-10-04,USD,CAD,1.3036
554,20231004,2023-10-04,EUR,CAD,1.4106
555,20231005,2023-10-05,USD,CAD,1.3178
556,20231005,2023-10-05,EUR,CAD,1.4351
557,20231006,2023-10-06,USD,CAD,1.2986
558,20231006,2023-10-06,EUR,CAD,1.4238
559,20231007,2023-10-07,USD,CAD,1.304
560,20231007,2023-10-07,EUR,CAD,1.4287
561,20231008,2023-10-08,USD,CAD,1.284
562,20231008,2023-10-08,EUR,CAD,1.4382
563,20231009,2023-10-09,USD,CAD,1.2892
564,20231009,2023-10-09,EUR,CAD,1.436
565,20231010,2023-10-10,USD,CAD,1.2898
566,20231010,2023-10-10,EUR,CAD,1.4251
567,20231011,2023-10-11,USD,CAD,1.2926
568,20231011,2023-10-11,EUR,CAD,1.4164
569,20231012,2023-10-12,USD,CAD,1.2983
570,20231012,2023-10-12,EUR,CAD,1.4493
571,20231013,2023-10-13,USD,CAD,1.3001
572,20231013,2023-10-13,EUR,CAD,1.4409
573,20231014,2023-10-14,USD,CAD,1.2899
574,20231014,2023-10-14,EUR,CAD,1.4436
575,20231015,2023-10-15,USD,CAD,1.3006
576,20231015,2023-10-15,EUR,CAD,1.4455
577,20231016,2023-10-16,USD,CAD,1.2926
578,20231016,2023-10-16,EUR,CAD,1.4324
579,20231017,2023-10-17,USD,CAD,1.298
580,20231017,2023-10-17,EUR,CAD,1.4352
581,20231018,2023-10-18,USD,CAD,1.2794
582,20231018,2023-10-18,EUR,CAD,1.4291
583,20231019,2023-10-19,USD,CAD,1.3085
584,20231019,2023-10-19,EUR,CAD,1.4338
585,20231020,2023-10-20,USD,CAD,1.2908
586,20231020,2023-10-20,EUR,CAD,1.4305
587,20231021,2023-10-21,USD,CAD,1.2922
588,20231021,2023-10-21,EUR,CAD,1.4378
589,20231022,2023-10-22,USD,CAD,1.2987
590,20231022,2023-10-22,EUR,CAD,1.4326
591,20231023,2023-10-23,USD,CAD,1.3044
592,20231023,2023-10-23,EUR,CAD,1.4555
593,20231024,2023-10-24,USD,CAD,1.2994
594,20231024,2023-10-24,EUR,CAD,1.4412
595,20231025,2023-10-25,USD,CAD,1.2994
596,20231025,2023-10-25,EUR,CAD,1.422
597,20231026,2023-10-26,USD,CAD,1.2997
598,20231026,2023-10-26,EUR,CAD,1.4338
599,20231027,2023-10-27,USD,CAD,1.3133
600,20231027,2023-10-27,EUR,CAD,1.422
601,20231028,2023-10-28,USD,CAD,1.3088
602,20231028,2023-10-28,EUR,CAD,1.4426
603,20231029,2023-10-29,USD,CAD,1.321
604,20231029,2023-10-29,EUR,CAD,1.4476
605,20231030,2023-10-30,USD,CAD,1.2964
606,20231030,2023-10-30,EUR,CAD,1.4378
607,20231031,2023-10-31,USD,CAD,1.2991
608,20231031,2023-10-31,EUR,CAD,1.4688
609,20231101,2023-11-01,USD,CAD,1.2867
610,20231101,2023-11-01,EUR,CAD,1.4545
611,20231102,2023-11-02,USD,CAD,1.3274
612,20231102,2023-11-02,EUR,CAD,1.4472
613,20231103,2023-11-03,USD,CAD,1.3049
614,20231103,2023-11-03,EUR,CAD,1.4831
615,20231104,2023-11-04,USD,CAD,1.3012
616,20231104,2023-11-04,EUR,CAD,1.445
617,20231105,2023-11-05,USD,CAD,1.3131
618,20231105,2023-11-05,EUR,CAD,1.4275
619,20231106,2023-11-06,USD,CAD,1.3003
620,20231106,2023-11-06,EUR,CAD,1.456
621,20231107,2023-11-07,USD,CAD,1.3031
622,20231107,2023-11-07,EUR,CAD,1.4568
623,20231108,2023-11-08,USD,CAD,1.3086
624,20231108,2023-11-08,EUR,CAD,1.4456
625,20231109,2023-11-09,USD,CAD,1.317
626,20231109,2023-11-09,EUR,CAD,1.4563
627,20231110,2023-11-10,USD,CAD,1.312
628,20231110,2023-11-10,EUR,CAD,1.4524
629,20231111,2023-11-11,USD,CAD,1.3086
630,20231111,2023-11-11,EUR,CAD,1.4469
631,20231112,2023-11-12,USD,CAD,1.3094
632,20231112,2023-11-12,EUR,CAD,1.4572
633,20231113,2023-11-13,USD,CAD,1.2921
634,20231113,2023-11-13,EUR,CAD,1.435
635,20231114,2023-11-14,USD,CAD,1.3087
636,20231114,2023-11-14,EUR,CAD,1.4599
637,20231115,2023-11-15,USD,CAD,1.3054
638,20231115,2023-11-15,EUR,CAD,1.4762
639,20231116,2023-11-16,USD,CAD,1.3203
640,20231116,2023-11-16,EUR,CAD,1.4537
641,20231117,2023-11-17,USD,CAD,1.3138
642,20231117,2023-11-17,EUR,CAD,1.4392
643,20231118,2023-11-18,USD,CAD,1.3087
644,20231118,2023-11-18,EUR,CAD,1.453
645,20231119,2023-11-19,USD,CAD,1.321
646,20231119,2023-11-19,EUR,CAD,1.4754
647,20231120,2023-11-20,USD,CAD,1.3169
648,20231120,2023-11-20,EUR,CAD,1.4634
649,20231121,2023-11-21,USD,CAD,1.3097
650,20231121,2023-11-21,EUR,CAD,1.4639
651,20231122,2023-11-22,USD,CAD,1.3259
652,20231122,2023-11-22,EUR,CAD,1.4549
653,20231123,2023-11-23,USD,CAD,1.308
654,20231123,2023-11-23,EUR,CAD,1.4746
655,20231124,2023-11-24,USD,CAD,1.3136
656,20231124,2023-11-24,EUR,CAD,1.4793
657,20231125,2023-11-25,USD,CAD,1.3062
658,20231125,2023-11-25,EUR,CAD,1.4819
659,20231126,2023-11-26,USD,CAD,1.3157
660,20231126,2023-11-26,EUR,CAD,1.4275
661,20231127,2023-11-27,USD,CAD,1.3293
662,20231127,2023-11-27,EUR,CAD,1.4796
663,20231128,2023-11-28,USD,CAD,1.3126
664,20231128,2023-11-28,EUR,CAD,1.4651
665,20231129,2023-11-29,USD,CAD,1.3244
666,20231129,2023-11-29,EUR,CAD,1.457
667,20231130,2023-11-30,USD,CAD,1.3251
668,20231130,2023-11-30,EUR,CAD,1.472
669,20231201,2023-12-01,USD,CAD,1.3101
670,20231201,2023-12-01,EUR,CAD,1.4608
671,20231202,2023-12-02,USD,CAD,1.3113
672,20231202,2023-12-02,EUR,CAD,1.4847
673,20231203,2023-12-03,USD,CAD,1.3288
674,20231203,2023-12-03,EUR,CAD,1.4828
675,20231204,2023-12-04,USD,CAD,1.3002
676,20231204,2023-12-04,EUR,CAD,1.4676
677,20231205,2023-12-05,USD,CAD,1.3422
678,20231205,2023-12-05,EUR,CAD,1.4636
679,20231206,2023-12-06,USD,CAD,1.3212
680,20231206,2023-12-06,EUR,CAD,1.4774
681,20231207,2023-12-07,USD,CAD,1.317
682,20231207,2023-12-07,EUR,CAD,1.4454
683,20231208,2023-12-08,USD,CAD,1.3129
684,20231208,2023-12-08,EUR,CAD,1.4881
685,20231209,2023-12-09,USD,CAD,1.3111
686,20231209,2023-12-09,EUR,CAD,1.4755
687,20231210,2023-12-10,USD,CAD,1.3053
688,20231210,2023-12-10,EUR,CAD,1.4731
689,20231211,2023-12-11,USD,CAD,1.3204
690,20231211,2023-12-11,EUR,CAD,1.4754
691,20231212,2023-12-12,USD,CAD,1.3355
692,20231212,2023-12-12,EUR,CAD,1.4756
693,20231213,2023-12-13,USD,CAD,1.3226
694,20231213,2023-12-13,EUR,CAD,1.457
695,20231214,2023-12-14,USD,CAD,1.3439
696,20231214,2023-12-14,EUR,CAD,1.4905
697,20231215,2023-12-15,USD,CAD,1.3382
698,20231215,2023-12-15,EUR,CAD,1.4866
699,20231216,2023-12-16,USD,CAD,1.3418
700,20231216,2023-12-16,EUR,CAD,1.4719
701,20231217,2023-12-17,USD,CAD,1.3258
702,20231217,2023-12-17,EUR,CAD,1.4545
703,20231218,2023-12-18,USD,CAD,1.3454
704,20231218,2023-12-18,EUR,CAD,1.4916
705,20231219,2023-12-19,USD,CAD,1.3315
706,20231219,2023-12-19,EUR,CAD,1.4976
707,20231220,2023-12-20,USD,CAD,1.3166
708,20231220,2023-12-20,EUR,CAD,1.4985
709,20231221,2023-12-21,USD,CAD,1.3294
710,20231221,2023-12-21,EUR,CAD,1.5049
711,20231222,2023-12-22,USD,CAD,1.3163
712,20231222,2023-12-22,EUR,CAD,1.4794
713,20231223,2023-12-23,USD,CAD,1.3417
714,20231223,2023-12-23,EUR,CAD,1.4978
715,20231224,2023-12-24,USD,CAD,1.3395
716,20231224,2023-12-24,EUR,CAD,1.4953
717,20231225,2023-12-25,USD,CAD,1.3284
718,20231225,2023-12-25,EUR,CAD,1.4842
719,20231226,2023-12-26,USD,CAD,1.3265
720,20231226,2023-12-26,EUR,CAD,1.4991
721,20231227,2023-12-27,USD,CAD,1.3318
722,20231227,2023-12-27,EUR,CAD,1.4836
723,20231228,2023-12-28,USD,CAD,1.3465
724,20231228,2023-12-28,EUR,CAD,1.5068
725,20231229,2023-12-29,USD,CAD,1.3414
726,20231229,2023-12-29,EUR,CAD,1.4759
727,20231230,2023-12-30,USD,CAD,1.3453
728,20231230,2023-12-30,EUR,CAD,1.4909
729,20231231,2023-12-31,USD,CAD,1.3528
730,20231231,2023-12-31,EUR,CAD,1.4845
731,20240101,2024-01-01,USD,CAD,1.343
732,20240101,2024-01-01,EUR,CAD,1.4837
733,20240102,2024-01-02,USD,CAD,1.3348
734,20240102,2024-01-02,EUR,CAD,1.4982
735,20240103,2024-01-03,USD,CAD,1.3436
736,20240103,2024-01-03,EUR,CAD,1.5044
737,20240104,2024-01-04,USD,CAD,1.3259
738,20240104,2024-01-04,EUR,CAD,1.4677
739,20240105,2024-01-05,USD,CAD,1.3517
740,20240105,2024-01-05,EUR,CAD,1.4959
741,20240106,2024-01-06,USD,CAD,1.3465
742,20240106,2024-01-06,EUR,CAD,1.5052
743,20240107,2024-01-07,USD,CAD,1.3415
744,20240107,2024-01-07,EUR,CAD,1.493
745,20240108,2024-01-08,USD,CAD,1.3432
746,20240108,2024-01-08,EUR,CAD,1.5078
747,20240109,2024-01-09,USD,CAD,1.3396
748,20240109,2024-01-09,EUR,CAD,1.4869
749,20240110,2024-01-10,USD,CAD,1.3433
750,20240110,2024-01-10,EUR,CAD,1.4876
751,20240111,2024-01-11,USD,CAD,1.3451
752,20240111,2024-01-11,EUR,CAD,1.4884
753,20240112,2024-01-12,USD,CAD,1.3553
754,20240112,2024-01-12,EUR,CAD,1.5042
755,20240113,2024-01-13,USD,CAD,1.3411
756,20240113,2024-01-13,EUR,CAD,1.5032
757,20240114,2024-01-14,USD,CAD,1.3544
758,20240114,2024-01-14,EUR,CAD,1.4892
759,20240115,2024-01-15,USD,CAD,1.3487
760,20240115,2024-01-15,EUR,CAD,1.4975
761,20240116,2024-01-16,USD,CAD,1.3515
762,20240116,2024-01-16,EUR,CAD,1.4963
763,20240117,2024-01-17,USD,CAD,1.3581
764,20240117,2024-01-17,EUR,CAD,1.4929
765,20240118,2024-01-18,USD,CAD,1.3565
766,20240118,2024-01-18,EUR,CAD,1.4954
767,20240119,2024-01-19,USD,CAD,1.3558
768,20240119,2024-01-19,EUR,CAD,1.4898
769,20240120,2024-01-20,USD,CAD,1.3648
770,20240120,2024-01-20,EUR,CAD,1.4924
771,20240121,2024-01-21,USD,CAD,1.3627
772,20240121,2024-01-21,EUR,CAD,1.483
773,20240122,2024-01-22,USD,CAD,1.3607
774,20240122,2024-01-22,EUR,CAD,1.4904
775,20240123,2024-01-23,USD,CAD,1.3479
776,20240123,2024-01-23,EUR,CAD,1.4898
777,20240124,2024-01-24,USD,CAD,1.3697
778,20240124,2024-01-24,EUR,CAD,1.5126
779,20240125,2024-01-25,USD,CAD,1.352
780,20240125,2024-01-25,EUR,CAD,1.5079
781,20240126,2024-01-26,USD,CAD,1.3499
782,20240126,2024-01-26,EUR,CAD,1.4951
783,20240127,2024-01-27,USD,CAD,1.3388
784,20240127,2024-01-27,EUR,CAD,1.5081
785,20240128,2024-01-28,USD,CAD,1.3658
786,20240128,2024-01-28,EUR,CAD,1.4843
787,20240129,2024-01-29,USD,CAD,1.3574
788,20240129,2024-01-29,EUR,CAD,1.4894
789,20240130,2024-01-30,USD,CAD,1.3628
790,20240130,2024-01-30,EUR,CAD,1.4963
791,20240131,2024-01-31,USD,CAD,1.353
792,20240131,2024-01-31,EUR,CAD,1.4848
793,20240201,2024-02-01,USD,CAD,1.3528
794,20240201,2024-02-01,EUR,CAD,1.5128
795,20240202,2024-02-02,USD,CAD,1.3679
796,20240202,2024-02-02,EUR,CAD,1.4991
797,20240203,2024-02-03,USD,CAD,1.3518
798,20240203,2024-02-03,EUR,CAD,1.4831
799,20240204,2024-02-04,USD,CAD,1.3761
800,20240204,2024-02-04,EUR,CAD,1.4967
801,20240205,2024-02-05,USD,CAD,1.3596
802,20240205,2024-02-05,EUR,CAD,1.4778
803,20240206,2024-02-06,USD,CAD,1.361
804,20240206,2024-02-06,EUR,CAD,1.5195
805,20240207,2024-02-07,USD,CAD,1.3738
806,20240207,2024-02-07,EUR,CAD,1.5115
807,20240208,2024-02-08,USD,CAD,1.3427
808,20240208,2024-02-08,EUR,CAD,1.4906
809,20240209,2024-02-09,USD,CAD,1.3728
810,20240209,2024-02-09,EUR,CAD,1.4624
811,20240210,2024-02-10,USD,CAD,1.3727
812,20240210,2024-02-10,EUR,CAD,1.4967
813,20240211,2024-02-11,USD,CAD,1.3682
814,20240211,2024-02-11,EUR,CAD,1.4953
815,20240212,2024-02-12,USD,CAD,1.3709
816,20240212,2024-02-12,EUR,CAD,1.5021
817,20240213,2024-02-13,USD,CAD,1.3598
818,20240213,2024-02-13,EUR,CAD,1.5351
819,20240214,2024-02-14,USD,CAD,1.3676
820,20240214,2024-02-14,EUR,CAD,1.4966
821,20240215,2024-02-15,USD,CAD,1.3756
822,20240215,2024-02-15,EUR,CAD,1.5145
823,20240216,2024-02-16,USD,CAD,1.3849
824,20240216,2024-02-16,EUR,CAD,1.4996
825,20240217,2024-02-17,USD,CAD,1.3802
826,20240217,2024-02-17,EUR,CAD,1.5041
827,20240218,2024-02-18,USD,CAD,1.364
828,20240218,2024-02-18,EUR,CAD,1.4805
829,20240219,2024-02-19,USD,CAD,1.3745
830,20240219,2024-02-19,EUR,CAD,1.5131
831,20240220,2024-02-20,USD,CAD,1.3829
832,20240220,2024-02-20,EUR,CAD,1.4965
833,20240221,2024-02-21,USD,CAD,1.3557
834,20240221,2024-02-21,EUR,CAD,1.4858
835,20240222,2024-02-22,USD,CAD,1.391
836,20240222,2024-02-22,EUR,CAD,1.496
837,20240223,2024-02-23,USD,CAD,1.371
838,20240223,2024-02-23,EUR,CAD,1.4905
839,20240224,2024-02-24,USD,CAD,1.3695
840,20240224,2024-02-24,EUR,CAD,1.4983
841,20240225,2024-02-25,USD,CAD,1.375
842,20240225,2024-02-25,EUR,CAD,1.5044
843,20240226,2024-02-26,USD,CAD,1.3814
844,20240226,2024-02-26,EUR,CAD,1.5139
845,20240227,2024-02-27,USD,CAD,1.3664
846,20240227,2024-02-27,EUR,CAD,1.5118
847,20240228,2024-02-28,USD,CAD,1.3457
848,20240228,2024-02-28,EUR,CAD,1.4914
849,20240229,2024-02-29,USD,CAD,1.3667
850,20240229,2024-02-29,EUR,CAD,1.499
851,20240301,2024-03-01,USD,CAD,1.3867
852,20240301,2024-03-01,EUR,CAD,1.5
853,20240302,2024-03-02,USD,CAD,1.3904
854,20240302,2024-03-02,EUR,CAD,1.5026
855,20240303,2024-03-03,USD,CAD,1.3767
856,20240303,2024-03-03,EUR,CAD,1.4893
857,20240304,2024-03-04,USD,CAD,1.3858
858,20240304,2024-03-04,EUR,CAD,1.4903
859,20240305,2024-03-05,USD,CAD,1.3667
860,20240305,2024-03-05,EUR,CAD,1.4836
861,20240306,2024-03-06,USD,CAD,1.383
862,20240306,2024-03-06,EUR,CAD,1.4768
863,20240307,2024-03-07,USD,CAD,1.3758
864,20240307,2024-03-07,EUR,CAD,1.4918
865,20240308,2024-03-08,USD,CAD,1.3753
866,20240308,2024-03-08,EUR,CAD,1.4916
867,20240309,2024-03-09,USD,CAD,1.3859
868,20240309,2024-03-09,EUR,CAD,1.4926
869,20240310,2024-03-10,USD,CAD,1.3722
870,20240310,2024-03-10,EUR,CAD,1.4862
871,20240311,2024-03-11,USD,CAD,1.3793
872,20240311,2024-03-11,EUR,CAD,1.5286
873,20240312,2024-03-12,USD,CAD,1.3773
874,20240312,2024-03-12,EUR,CAD,1.51
875,20240313,2024-03-13,USD,CAD,1.3727
876,20240313,2024-03-13,EUR,CAD,1.4747
877,20240314,2024-03-14,USD,CAD,1.3666
878,20240314,2024-03-14,EUR,CAD,1.4954
879,20240315,2024-03-15,USD,CAD,1.3854
880,20240315,2024-03-15,EUR,CAD,1.497
881,20240316,2024-03-16,USD,CAD,1.3955
882,20240316,2024-03-16,EUR,CAD,1.4777
883,20240317,2024-03-17,USD,CAD,1.3816
884,20240317,2024-03-17,EUR,CAD,1.4931
885,20240318,2024-03-18,USD,CAD,1.3611
886,20240318,2024-03-18,EUR,CAD,1.4777
887,20240319,2024-03-19,USD,CAD,1.3888
888,20240319,2024-03-19,EUR,CAD,1.4818
889,20240320,2024-03-20,USD,CAD,1.3781
890,20240320,2024-03-20,EUR,CAD,1.4751
891,20240321,2024-03-21,USD,CAD,1.3847
892,20240321,2024-03-21,EUR,CAD,1.4851
893,20240322,2024-03-22,USD,CAD,1.3878
894,20240322,2024-03-22,EUR,CAD,1.4976
895,20240323,2024-03-23,USD,CAD,1.3883
896,20240323,2024-03-23,EUR,CAD,1.4924
897,20240324,2024-03-24,USD,CAD,1.385
898,20240324,2024-03-24,EUR,CAD,1.478
899,20240325,2024-03-25,USD,CAD,1.3734
900,20240325,2024-03-25,EUR,CAD,1.4934
901,20240326,2024-03-26,USD,CAD,1.3805
902,20240326,2024-03-26,EUR,CAD,1.4869
903,20240327,2024-03-27,USD,CAD,1.3578
904,20240327,2024-03-27,EUR,CAD,1.4737
905,20240328,2024-03-28,USD,CAD,1.3849
906,20240328,2024-03-28,EUR,CAD,1.4699
907,20240329,2024-03-29,USD,CAD,1.3778
908,20240329,2024-03-29,EUR,CAD,1.5027
909,20240330,2024-03-30,USD,CAD,1.3916
910,20240330,2024-03-30,EUR,CAD,1.5041
911,20240331,2024-03-31,USD,CAD,1.3921
912,20240331,2024-03-31,EUR,CAD,1.4726
913,20240401,2024-04-01,USD,CAD,1.3778
914,20240401,2024-04-01,EUR,CAD,1.4729
915,20240402,2024-04-02,USD,CAD,1.3688
916,20240402,2024-04-02,EUR,CAD,1.4821
917,20240403,2024-04-03,USD,CAD,1.3726
918,20240403,2024-04-03,EUR,CAD,1.4548
919,20240404,2024-04-04,USD,CAD,1.3723
920,20240404,2024-04-04,EUR,CAD,1.4797
921,20240405,2024-04-05,USD,CAD,1.3696
922,20240405,2024-04-05,EUR,CAD,1.4853
923,20240406,2024-04-06,USD,CAD,1.3803
924,20240406,2024-04-06,EUR,CAD,1.4851
925,20240407,2024-04-07,USD,CAD,1.3949
926,20240407,2024-04-07,EUR,CAD,1.4701
927,20240408,2024-04-08,USD,CAD,1.374
928,20240408,2024-04-08,EUR,CAD,1.4568
929,20240409,2024-04-09,USD,CAD,1.3819
930,20240409,2024-04-09,EUR,CAD,1.4485
931,20240410,2024-04-10,USD,CAD,1.3769
932,20240410,2024-04-10,EUR,CAD,1.4584
933,20240411,2024-04-11,USD,CAD,1.3752
934,20240411,2024-04-11,EUR,CAD,1.4532
935,20240412,2024-04-12,USD,CAD,1.3621
936,20240412,2024-04-12,EUR,CAD,1.4696
937,20240413,2024-04-13,USD,CAD,1.3551
938,20240413,2024-04-13,EUR,CAD,1.4808
939,20240414,2024-04-14,USD,CAD,1.3789
940,20240414,2024-04-14,EUR,CAD,1.4674
941,20240415,2024-04-15,USD,CAD,1.3679
942,20240415,2024-04-15,EUR,CAD,1.4631
943,20240416,2024-04-16,USD,CAD,1.3834
944,20240416,2024-04-16,EUR,CAD,1.4884
945,20240417,2024-04-17,USD,CAD,1.3725
946,20240417,2024-04-17,EUR,CAD,1.472
947,20240418,2024-04-18,USD,CAD,1.3706
948,20240418,2024-04-18,EUR,CAD,1.4572
949,20240419,2024-04-19,USD,CAD,1.3736
950,20240419,2024-04-19,EUR,CAD,1.4777
951,20240420,2024-04-20,USD,CAD,1.3737
952,20240420,2024-04-20,EUR,CAD,1.4625
953,20240421,2024-04-21,USD,CAD,1.3778
954,20240421,2024-04-21,EUR,CAD,1.4585
955,20240422,2024-04-22,USD,CAD,1.3847
956,20240422,2024-04-22,EUR,CAD,1.4596
957,20240423,2024-04-23,USD,CAD,1.387
958,20240423,2024-04-23,EUR,CAD,1.455
959,20240424,2024-04-24,USD,CAD,1.3632
960,20240424,2024-04-24,EUR,CAD,1.4735
961,20240425,2024-04-25,USD,CAD,1.3848
962,20240425,2024-04-25,EUR,CAD,1.4658
963,20240426,2024-04-26,USD,CAD,1.3719
964,20240426,2024-04-26,EUR,CAD,1.4674
965,20240427,2024-04-27,USD,CAD,1.3711
966,20240427,2024-04-27,EUR,CAD,1.4684
967,20240428,2024-04-28,USD,CAD,1.3565
968,20240428,2024-04-28,EUR,CAD,1.479
969,20240429,2024-04-29,USD,CAD,1.3752
970,20240429,2024-04-29,EUR,CAD,1.4598
971,20240430,2024-04-30,USD,CAD,1.3735
972,20240430,2024-04-30,EUR,CAD,1.4442
973,20240501,2024-05-01,USD,CAD,1.3715
974,20240501,2024-05-01,EUR,CAD,1.4393
975,20240502,2024-05-02,USD,CAD,1.3857
976,20240502,2024-05-02,EUR,CAD,1.4624
977,20240503,2024-05-03,USD,CAD,1.3704
978,20240503,2024-05-03,EUR,CAD,1.4582
979,20240504,2024-05-04,USD,CAD,1.3877
980,20240504,2024-05-04,EUR,CAD,1.4715
981,20240505,2024-05-05,USD,CAD,1.3631
982,20240505,2024-05-05,EUR,CAD,1.4249
983,20240506,2024-05-06,USD,CAD,1.3674
984,20240506,2024-05-06,EUR,CAD,1.4553
985,20240507,2024-05-07,USD,CAD,1.3815
986,20240507,2024-05-07,EUR,CAD,1.452
987,20240508,2024-05-08,USD,CAD,1.3664
988,20240508,2024-05-08,EUR,CAD,1.4509
989,20240509,2024-05-09,USD,CAD,1.3512
990,20240509,2024-05-09,EUR,CAD,1.4635
991,20240510,2024-05-10,USD,CAD,1.3738
992,20240510,2024-05-10,EUR,CAD,1.4643
993,20240511,2024-05-11,USD,CAD,1.358
994,20240511,2024-05-11,EUR,CAD,1.4409
995,20240512,2024-05-12,USD,CAD,1.3828
996,20240512,2024-05-12,EUR,CAD,1.4456
997,20240513,2024-05-13,USD,CAD,1.373
998,20240513,2024-05-13,EUR,CAD,1.4519
999,20240514,2024-05-14,USD,CAD,1.3796
1000,20240514,2024-05-14,EUR,CAD,1.4633
1001,20240515,2024-05-15,USD,CAD,1.3606
1002,20240515,2024-05-15,EUR,CAD,1.4066
1003,20240516,2024-05-16,USD,CAD,1.3702
1004,20240516,2024-05-16,EUR,CAD,1.4583
1005,20240517,2024-05-17,USD,CAD,1.3561
1006,20240517,2024-05-17,EUR,CAD,1.4214
1007,20240518,2024-05-18,USD,CAD,1.3637
1008,20240518,2024-05-18,EUR,CAD,1.4513
1009,20240519,2024-05-19,USD,CAD,1.3524
1010,20240519,2024-05-19,EUR,CAD,1.4306
1011,20240520,2024-05-20,USD,CAD,1.3639
1012,20240520,2024-05-20,EUR,CAD,1.443
1013,20240521,2024-05-21,USD,CAD,1.3712
1014,20240521,2024-05-21,EUR,CAD,1.4492
1015,20240522,2024-05-22,USD,CAD,1.3623
1016,20240522,2024-05-22,EUR,CAD,1.449
1017,20240523,2024-05-23,USD,CAD,1.3875
1018,20240523,2024-05-23,EUR,CAD,1.4331
1019,20240524,2024-05-24,USD,CAD,1.368
1020,20240524,2024-05-24,EUR,CAD,1.4252
1021,20240525,2024-05-25,USD,CAD,1.3556
1022,20240525,2024-05-25,EUR,CAD,1.4287
1023,20240526,2024-05-26,USD,CAD,1.3437
1024,20240526,2024-05-26,EUR,CAD,1.4392
1025,20240527,2024-05-27,USD,CAD,1.3545
1026,20240527,2024-05-27,EUR,CAD,1.4133
1027,20240528,2024-05-28,USD,CAD,1.3663
1028,20240528,2024-05-28,EUR,CAD,1.4405
1029,20240529,2024-05-29,USD,CAD,1.3578
1030,20240529,2024-05-29,EUR,CAD,1.4178
1031,20240530,2024-05-30,USD,CAD,1.3744
1032,20240530,2024-05-30,EUR,CAD,1.4335
1033,20240531,2024-05-31,USD,CAD,1.3609
1034,20240531,2024-05-31,EUR,CAD,1.4216
1035,20240601,2024-06-01,USD,CAD,1.3369
1036,20240601,2024-06-01,EUR,CAD,1.423
1037,20240602,2024-06-02,USD,CAD,1.3602
1038,20240602,2024-06-02,EUR,CAD,1.4223
1039,20240603,2024-06-03,USD,CAD,1.352
1040,20240603,2024-06-03,EUR,CAD,1.4492
1041,20240604,2024-06-04,USD,CAD,1.3567
1042,20240604,2024-06-04,EUR,CAD,1.4316
1043,20240605,2024-06-05,USD,CAD,1.3631
1044,20240605,2024-06-05,EUR,CAD,1.4124
1045,20240606,2024-06-06,USD,CAD,1.3588
1046,20240606,2024-06-06,EUR,CAD,1.4108
1047,20240607,2024-06-07,USD,CAD,1.3324
1048,20240607,2024-06-07,EUR,CAD,1.4041
1049,20240608,2024-06-08,USD,CAD,1.3678
1050,20240608,2024-06-08,EUR,CAD,1.3972
1051,20240609,2024-06-09,USD,CAD,1.3516
1052,20240609,2024-06-09,EUR,CAD,1.4335
1053,20240610,2024-06-10,USD,CAD,1.3542
1054,20240610,2024-06-10,EUR,CAD,1.4058
1055,20240611,2024-06-11,USD,CAD,1.3556
1056,20240611,2024-06-11,EUR,CAD,1.4083
1057,20240612,2024-06-12,USD,CAD,1.3386
1058,20240612,2024-06-12,EUR,CAD,1.4207
1059,20240613,2024-06-13,USD,CAD,1.3457
1060,20240613,2024-06-13,EUR,CAD,1.4298
1061,20240614,2024-06-14,USD,CAD,1.3418
1062,20240614,2024-06-14,EUR,CAD,1.4087
1063,20240615,2024-06-15,USD,CAD,1.3324
1064,20240615,2024-06-15,EUR,CAD,1.4011
1065,20240616,2024-06-16,USD,CAD,1.3502
1066,20240616,2024-06-16,EUR,CAD,1.4343
1067,20240617,2024-06-17,USD,CAD,1.3539
1068,20240617,2024-06-17,EUR,CAD,1.4159
1069,20240618,2024-06-18,USD,CAD,1.3555
1070,20240618,2024-06-18,EUR,CAD,1.4134
1071,20240619,2024-06-19,USD,CAD,1.353
1072,20240619,2024-06-19,EUR,CAD,1.4256
1073,20240620,2024-06-20,USD,CAD,1.3559
1074,20240620,2024-06-20,EUR,CAD,1.4271
1075,20240621,2024-06-21,USD,CAD,1.3608
1076,20240621,2024-06-21,EUR,CAD,1.425
1077,20240622,2024-06-22,USD,CAD,1.3595
1078,20240622,2024-06-22,EUR,CAD,1.4172
1079,20240623,2024-06-23,USD,CAD,1.3505
1080,20240623,2024-06-23,EUR,CAD,1.4243
1081,20240624,2024-06-24,USD,CAD,1.3239
1082,20240624,2024-06-24,EUR,CAD,1.4223
1083,20240625,2024-06-25,USD,CAD,1.3495
1084,20240625,2024-06-25,EUR,CAD,1.4172
1085,20240626,2024-06-26,USD,CAD,1.348
1086,20240626,2024-06-26,EUR,CAD,1.3965
1087,20240627,2024-06-27,USD,CAD,1.3323
1088,20240627,2024-06-27,EUR,CAD,1.404
1089,20240628,2024-06-28,USD,CAD,1.3591
1090,20240628,2024-06-28,EUR,CAD,1.4001
1091,20240629,2024-06-29,USD,CAD,1.3466
1092,20240629,2024-06-29,EUR,CAD,1.3996
1093,20240630,2024-06-30,USD,CAD,1.3436
1094,20240630,2024-06-30,EUR,CAD,1.4013
1095,20240701,2024-07-01,USD,CAD,1.342
1096,20240701,2024-07-01,EUR,CAD,1.3944
1097,20240702,2024-07-02,USD,CAD,1.3362
1098,20240702,2024-07-02,EUR,CAD,1.4357
1099,20240703,2024-07-03,USD,CAD,1.3565
1100,20240703,2024-07-03,EUR,CAD,1.406
1101,20240704,2024-07-04,USD,CAD,1.3553
1102,20240704,2024-07-04,EUR,CAD,1.4
1103,20240705,2024-07-05,USD,CAD,1.321
1104,20240705,2024-07-05,EUR,CAD,1.4112
1105,20240706,2024-07-06,USD,CAD,1.3204
1106,20240706,2024-07-06,EUR,CAD,1.3901
1107,20240707,2024-07-07,USD,CAD,1.3456
1108,20240707,2024-07-07,EUR,CAD,1.4096
1109,20240708,2024-07-08,USD,CAD,1.3343
1110,20240708,2024-07-08,EUR,CAD,1.4009
1111,20240709,2024-07-09,USD,CAD,1.3266
1112,20240709,2024-07-09,EUR,CAD,1.422
1113,20240710,2024-07-10,USD,CAD,1.3422
1114,20240710,2024-07-10,EUR,CAD,1.4115
1115,20240711,2024-07-11,USD,CAD,1.3257
1116,20240711,2024-07-11,EUR,CAD,1.3987
1117,20240712,2024-07-12,USD,CAD,1.3238
1118,20240712,2024-07-12,EUR,CAD,1.4056
1119,20240713,2024-07-13,USD,CAD,1.3391
1120,20240713,2024-07-13,EUR,CAD,1.4029
1121,20240714,2024-07-14,USD,CAD,1.3271
1122,20240714,2024-07-14,EUR,CAD,1.3998
1123,20240715,2024-07-15,USD,CAD,1.3227
1124,20240715,2024-07-15,EUR,CAD,1.4111
1125,20240716,2024-07-16,USD,CAD,1.334
1126,20240716,2024-07-16,EUR,CAD,1.4004
1127,20240717,2024-07-17,USD,CAD,1.3439
1128,20240717,2024-07-17,EUR,CAD,1.3784
1129,20240718,2024-07-18,USD,CAD,1.3286
1130,20240718,2024-07-18,EUR,CAD,1.4009
1131,20240719,2024-07-19,USD,CAD,1.3479
1132,20240719,2024-07-19,EUR,CAD,1.3829
1133,20240720,2024-07-20,USD,CAD,1.3414
1134,20240720,2024-07-20,EUR,CAD,1.4071
1135,20240721,2024-07-21,USD,CAD,1.3092
1136,20240721,2024-07-21,EUR,CAD,1.4166
1137,20240722,2024-07-22,USD,CAD,1.3186
1138,20240722,2024-07-22,EUR,CAD,1.3842
1139,20240723,2024-07-23,USD,CAD,1.3153
1140,20240723,2024-07-23,EUR,CAD,1.4032
1141,20240724,2024-07-24,USD,CAD,1.3319
1142,20240724,2024-07-24,EUR,CAD,1.3922
1143,20240725,2024-07-25,USD,CAD,1.3263
1144,20240725,2024-07-25,EUR,CAD,1.4006
1145,20240726,2024-07-26,USD,CAD,1.3441
1146,20240726,2024-07-26,EUR,CAD,1.4159
1147,20240727,2024-07-27,USD,CAD,1.3373
1148,20240727,2024-07-27,EUR,CAD,1.3844
1149,20240728,2024-07-28,USD,CAD,1.3283
1150,20240728,2024-07-28,EUR,CAD,1.4219
1151,20240729,2024-07-29,USD,CAD,1.3374
1152,20240729,2024-07-29,EUR,CAD,1.3836
1153,20240730,2024-07-30,USD,CAD,1.3368
1154,20240730,2024-07-30,EUR,CAD,1.4005
1155,20240731,2024-07-31,USD,CAD,1.3212
1156,20240731,2024-07-31,EUR,CAD,1.3979
1157,20240801,2024-08-01,USD,CAD,1.3143
1158,20240801,2024-08-01,EUR,CAD,1.3864
1159,20240802,2024-08-02,USD,CAD,1.305
1160,20240802,2024-08-02,EUR,CAD,1.389
1161,20240803,2024-08-03,USD,CAD,1.3118
1162,20240803,2024-08-03,EUR,CAD,1.4179
1163,20240804,2024-08-04,USD,CAD,1.3227
1164,20240804,2024-08-04,EUR,CAD,1.4033
1165,20240805,2024-08-05,USD,CAD,1.3203
1166,20240805,2024-08-05,EUR,CAD,1.3849
1167,20240806,2024-08-06,USD,CAD,1.3146
1168,20240806,2024-08-06,EUR,CAD,1.4016
1169,20240807,2024-08-07,USD,CAD,1.3287
1170,20240807,2024-08-07,EUR,CAD,1.386
1171,20240808,2024-08-08,USD,CAD,1.32
1172,20240808,2024-08-08,EUR,CAD,1.407
1173,20240809,2024-08-09,USD,CAD,1.3012
1174,20240809,2024-08-09,EUR,CAD,1.4022
1175,20240810,2024-08-10,USD,CAD,1.3227
1176,20240810,2024-08-10,EUR,CAD,1.3797
1177,20240811,2024-08-11,USD,CAD,1.325
1178,20240811,2024-08-11,EUR,CAD,1.4084
1179,20240812,2024-08-12,USD,CAD,1.3177
1180,20240812,2024-08-12,EUR,CAD,1.4195
1181,20240813,2024-08-13,USD,CAD,1.3163
1182,20240813,2024-08-13,EUR,CAD,1.402
1183,20240814,2024-08-14,USD,CAD,1.32
1184,20240814,2024-08-14,EUR,CAD,1.4078
1185,20240815,2024-08-15,USD,CAD,1.3024
1186,20240815,2024-08-15,EUR,CAD,1.4103
1187,20240816,2024-08-16,USD,CAD,1.2967
1188,20240816,2024-08-16,EUR,CAD,1.3882
1189,20240817,2024-08-17,USD,CAD,1.2846
1190,20240817,2024-08-17,EUR,CAD,1.4109
1191,20240818,2024-08-18,USD,CAD,1.3174
1192,20240818,2024-08-18,EUR,CAD,1.4112
1193,20240819,2024-08-19,USD,CAD,1.3079
1194,20240819,2024-08-19,EUR,CAD,1.4065
1195,20240820,2024-08-20,USD,CAD,1.2924
1196,20240820,2024-08-20,EUR,CAD,1.4053
1197,20240821,2024-08-21,USD,CAD,1.3009
1198,20240821,2024-08-21,EUR,CAD,1.4039
1199,20240822,2024-08-22,USD,CAD,1.3077
1200,20240822,2024-08-22,EUR,CAD,1.4148
1201,20240823,2024-08-23,USD,CAD,1.3045
1202,20240823,2024-08-23,EUR,CAD,1.4123
1203,20240824,2024-08-24,USD,CAD,1.2976
1204,20240824,2024-08-24,EUR,CAD,1.4038
1205,20240825,2024-08-25,USD,CAD,1.3088
1206,20240825,2024-08-25,EUR,CAD,1.4078
1207,20240826,2024-08-26,USD,CAD,1.3122
1208,20240826,2024-08-26,EUR,CAD,1.4116
1209,20240827,2024-08-27,USD,CAD,1.3219
1210,20240827,2024-08-27,EUR,CAD,1.4129
1211,20240828,2024-08-28,USD,CAD,1.2763
1212,20240828,2024-08-28,EUR,CAD,1.4124
1213,20240829,2024-08-29,USD,CAD,1.3094
1214,20240829,2024-08-29,EUR,CAD,1.41
1215,20240830,2024-08-30,USD,CAD,1.309
1216,20240830,2024-08-30,EUR,CAD,1.4051
1217,20240831,2024-08-31,USD,CAD,1.3132
1218,20240831,2024-08-31,EUR,CAD,1.3925
1219,20240901,2024-09-01,USD,CAD,1.3154
1220,20240901,2024-09-01,EUR,CAD,1.3893
1221,20240902,2024-09-02,USD,CAD,1.3131
1222,20240902,2024-09-02,EUR,CAD,1.4121
1223,20240903,2024-09-03,USD,CAD,1.299
1224,20240903,2024-09-03,EUR,CAD,1.4111
1225,20240904,2024-09-04,USD,CAD,1.2961
1226,20240904,2024-09-04,EUR,CAD,1.4224
1227,20240905,2024-09-05,USD,CAD,1.2903
1228,20240905,2024-09-05,EUR,CAD,1.4024
1229,20240906,2024-09-06,USD,CAD,1.3086
1230,20240906,2024-09-06,EUR,CAD,1.3975
1231,20240907,2024-09-07,USD,CAD,1.3049
1232,20240907,2024-09-07,EUR,CAD,1.3951
1233,20240908,2024-09-08,USD,CAD,1.2774
1234,20240908,2024-09-08,EUR,CAD,1.4246
1235,20240909,2024-09-09,USD,CAD,1.2924
1236,20240909,2024-09-09,EUR,CAD,1.4048
1237,20240910,2024-09-10,USD,CAD,1.2952
1238,20240910,2024-09-10,EUR,CAD,1.4107
1239,20240911,2024-09-11,USD,CAD,1.2833
1240,20240911,2024-09-11,EUR,CAD,1.4052
1241,20240912,2024-09-12,USD,CAD,1.3074
1242,20240912,2024-09-12,EUR,CAD,1.4166
1243,20240913,2024-09-13,USD,CAD,1.2859
1244,20240913,2024-09-13,EUR,CAD,1.4143
1245,20240914,2024-09-14,USD,CAD,1.3121
1246,20240914,2024-09-14,EUR,CAD,1.4058
1247,20240915,2024-09-15,USD,CAD,1.3066
1248,20240915,2024-09-15,EUR,CAD,1.4033
1249,20240916,2024-09-16,USD,CAD,1.3008
1250,20240916,2024-09-16,EUR,CAD,1.4069
1251,20240917,2024-09-17,USD,CAD,1.3025
1252,20240917,2024-09-17,EUR,CAD,1.3984
1253,20240918,2024-09-18,USD,CAD,1.3148
1254,20240918,2024-09-18,EUR,CAD,1.4129
1255,20240919,2024-09-19,USD,CAD,1.291
1256,20240919,2024-09-19,EUR,CAD,1.4338
1257,20240920,2024-09-20,USD,CAD,1.2961
1258,20240920,2024-09-20,EUR,CAD,1.4239
1259,20240921,2024-09-21,USD,CAD,1.3097
1260,20240921,2024-09-21,EUR,CAD,1.4279
1261,20240922,2024-09-22,USD,CAD,1.2881
1262,20240922,2024-09-22,EUR,CAD,1.4183
1263,20240923,2024-09-23,USD,CAD,1.308
1264,20240923,2024-09-23,EUR,CAD,1.4061
1265,20240924,2024-09-24,USD,CAD,1.2915
1266,20240924,2024-09-24,EUR,CAD,1.4299
1267,20240925,2024-09-25,USD,CAD,1.2944
1268,20240925,2024-09-25,EUR,CAD,1.3933
1269,20240926,2024-09-26,USD,CAD,1.3005
1270,20240926,2024-09-26,EUR,CAD,1.4225
1271,20240927,2024-09-27,USD,CAD,1.2887
1272,20240927,2024-09-27,EUR,CAD,1.4187
1273,20240928,2024-09-28,USD,CAD,1.2882
1274,20240928,2024-09-28,EUR,CAD,1.4256
1275,20240929,2024-09-29,USD,CAD,1.3135
1276,20240929,2024-09-29,EUR,CAD,1.4117
1277,20240930,2024-09-30,USD,CAD,1.2973
1278,20240930,2024-09-30,EUR,CAD,1.4257
1279,20241001,2024-10-01,USD,CAD,1.2866
1280,20241001,2024-10-01,EUR,CAD,1.4102
1281,20241002,2024-10-02,USD,CAD,1.2947
1282,20241002,2024-10-02,EUR,CAD,1.4269
1283,20241003,2024-10-03,USD,CAD,1.3059
1284,20241003,2024-10-03,EUR,CAD,1.4018
1285,20241004,2024-10-04,USD,CAD,1.2861
1286,20241004,2024-10-04,EUR,CAD,1.4171
1287,20241005,2024-10-05,USD,CAD,1.2956
1288,20241005,2024-10-05,EUR,CAD,1.405
1289,20241006,2024-10-06,USD,CAD,1.2868
1290,20241006,2024-10-06,EUR,CAD,1.43
1291,20241007,2024-10-07,USD,CAD,1.2918
1292,20241007,2024-10-07,EUR,CAD,1.4292
1293,20241008,2024-10-08,USD,CAD,1.2877
1294,20241008,2024-10-08,EUR,CAD,1.4281
1295,20241009,2024-10-09,USD,CAD,1.2845
1296,20241009,2024-10-09,EUR,CAD,1.4252
1297,20241010,2024-10-10,USD,CAD,1.2871
1298,20241010,2024-10-10,EUR,CAD,1.434
1299,20241011,2024-10-11,USD,CAD,1.3019
1300,20241011,2024-10-11,EUR,CAD,1.4293
1301,20241012,2024-10-12,USD,CAD,1.2946
1302,20241012,2024-10-12,EUR,CAD,1.4376
1303,20241013,2024-10-13,USD,CAD,1.3086
1304,20241013,2024-10-13,EUR,CAD,1.4209
1305,20241014,2024-10-14,USD,CAD,1.2904
1306,20241014,2024-10-14,EUR,CAD,1.4316
1307,20241015,2024-10-15,USD,CAD,1.3099
1308,20241015,2024-10-15,EUR,CAD,1.4366
1309,20241016,2024-10-16,USD,CAD,1.3063
1310,20241016,2024-10-16,EUR,CAD,1.4293
1311,20241017,2024-10-17,USD,CAD,1.2887
1312,20241017,2024-10-17,EUR,CAD,1.4385
1313,20241018,2024-10-18,USD,CAD,1.2899
1314,20241018,2024-10-18,EUR,CAD,1.434
1315,20241019,2024-10-19,USD,CAD,1.3153
1316,20241019,2024-10-19,EUR,CAD,1.4306
1317,20241020,2024-10-20,USD,CAD,1.3091
1318,20241020,2024-10-20,EUR,CAD,1.4321
1319,20241021,2024-10-21,USD,CAD,1.3175
1320,20241021,2024-10-21,EUR,CAD,1.4622
1321,20241022,2024-10-22,USD,CAD,1.3039
1322,20241022,2024-10-22,EUR,CAD,1.426
1323,20241023,2024-10-23,USD,CAD,1.3108
1324,20241023,2024-10-23,EUR,CAD,1.4387
1325,20241024,2024-10-24,USD,CAD,1.3171
1326,20241024,2024-10-24,EUR,CAD,1.4329
1327,20241025,2024-10-25,USD,CAD,1.3017
1328,20241025,2024-10-25,EUR,CAD,1.4311
1329,20241026,2024-10-26,USD,CAD,1.3158
1330,20241026,2024-10-26,EUR,CAD,1.4609
1331,20241027,2024-10-27,USD,CAD,1.3013
1332,20241027,2024-10-27,EUR,CAD,1.4369
1333,20241028,2024-10-28,USD,CAD,1.3062
1334,20241028,2024-10-28,EUR,CAD,1.456
1335,20241029,2024-10-29,USD,CAD,1.3024
1336,20241029,2024-10-29,EUR,CAD,1.4427
1337,20241030,2024-10-30,USD,CAD,1.3061
1338,20241030,2024-10-30,EUR,CAD,1.4528
1339,20241031,2024-10-31,USD,CAD,1.2865
1340,20241031,2024-10-31,EUR,CAD,1.4424
1341,20241101,2024-11-01,USD,CAD,1.3119
1342,20241101,2024-11-01,EUR,CAD,1.4524
1343,20241102,2024-11-02,USD,CAD,1.3147
1344,20241102,2024-11-02,EUR,CAD,1.458
1345,20241103,2024-11-03,USD,CAD,1.2954
1346,20241103,2024-11-03,EUR,CAD,1.4485
1347,20241104,2024-11-04,USD,CAD,1.316
1348,20241104,2024-11-04,EUR,CAD,1.4465
1349,20241105,2024-11-05,USD,CAD,1.3081
1350,20241105,2024-11-05,EUR,CAD,1.4456
1351,20241106,2024-11-06,USD,CAD,1.2903
1352,20241106,2024-11-06,EUR,CAD,1.4694
1353,20241107,2024-11-07,USD,CAD,1.3169
1354,20241107,2024-11-07,EUR,CAD,1.4548
1355,20241108,2024-11-08,USD,CAD,1.3079
1356,20241108,2024-11-08,EUR,CAD,1.4511
1357,20241109,2024-11-09,USD,CAD,1.3134
1358,20241109,2024-11-09,EUR,CAD,1.4746
1359,20241110,2024-11-10,USD,CAD,1.3066
1360,20241110,2024-11-10,EUR,CAD,1.459
1361,20241111,2024-11-11,USD,CAD,1.295
1362,20241111,2024-11-11,EUR,CAD,1.4617
1363,20241112,2024-11-12,USD,CAD,1.3093
1364,20241112,2024-11-12,EUR,CAD,1.4514
1365,20241113,2024-11-13,USD,CAD,1.2961
1366,20241113,2024-11-13,EUR,CAD,1.4584
1367,20241114,2024-11-14,USD,CAD,1.3085
1368,20241114,2024-11-14,EUR,CAD,1.4608
1369,20241115,2024-11-15,USD,CAD,1.2964
1370,20241115,2024-11-15,EUR,CAD,1.4612
1371,20241116,2024-11-16,USD,CAD,1.311
1372,20241116,2024-11-16,EUR,CAD,1.4676
1373,20241117,2024-11-17,USD,CAD,1.2991
1374,20241117,2024-11-17,EUR,CAD,1.4668
1375,20241118,2024-11-18,USD,CAD,1.3266
1376,20241118,2024-11-18,EUR,CAD,1.4698
1377,20241119,2024-11-19,USD,CAD,1.3067
1378,20241119,2024-11-19,EUR,CAD,1.4534
1379,20241120,2024-11-20,USD,CAD,1.3112
1380,20241120,2024-11-20,EUR,CAD,1.4417
1381,20241121,2024-11-21,USD,CAD,1.2988
1382,20241121,2024-11-21,EUR,CAD,1.4713
1383,20241122,2024-11-22,USD,CAD,1.315
1384,20241122,2024-11-22,EUR,CAD,1.4589
1385,20241123,2024-11-23,USD,CAD,1.3129
1386,20241123,2024-11-23,EUR,CAD,1.4788
1387,20241124,2024-11-24,USD,CAD,1.313
1388,20241124,2024-11-24,EUR,CAD,1.4718
1389,20241125,2024-11-25,USD,CAD,1.3299
1390,20241125,2024-11-25,EUR,CAD,1.4717
1391,20241126,2024-11-26,USD,CAD,1.3333
1392,20241126,2024-11-26,EUR,CAD,1.464
1393,20241127,2024-11-27,USD,CAD,1.3229
1394,20241127,2024-11-27,EUR,CAD,1.4531
1395,20241128,2024-11-28,USD,CAD,1.3169
1396,20241128,2024-11-28,EUR,CAD,1.4636
1397,20241129,2024-11-29,USD,CAD,1.3078
1398,20241129,2024-11-29,EUR,CAD,1.4743
1399,20241130,2024-11-30,USD,CAD,1.3305
1400,20241130,2024-11-30,EUR,CAD,1.4724
1401,20241201,2024-12-01,USD,CAD,1.33
1402,20241201,2024-12-01,EUR,CAD,1.4997
1403,20241202,2024-12-02,USD,CAD,1.3206
1404,20241202,2024-12-02,EUR,CAD,1.4636
1405,20241203,2024-12-03,USD,CAD,1.3171
1406,20241203,2024-12-03,EUR,CAD,1.4763
1407,20241204,2024-12-04,USD,CAD,1.2882
1408,20241204,2024-12-04,EUR,CAD,1.4764
1409,20241205,2024-12-05,USD,CAD,1.3402
1410,20241205,2024-12-05,EUR,CAD,1.481
1411,20241206,2024-12-06,USD,CAD,1.3175
1412,20241206,2024-12-06,EUR,CAD,1.4871
1413,20241207,2024-12-07,USD,CAD,1.328
1414,20241207,2024-12-07,EUR,CAD,1.465
1415,20241208,2024-12-08,USD,CAD,1.3302
1416,20241208,2024-12-08,EUR,CAD,1.4563
1417,20241209,2024-12-09,USD,CAD,1.3171
1418,20241209,2024-12-09,EUR,CAD,1.4882
1419,20241210,2024-12-10,USD,CAD,1.3238
1420,20241210,2024-12-10,EUR,CAD,1.4879
1421,20241211,2024-12-11,USD,CAD,1.3384
1422,20241211,2024-12-11,EUR,CAD,1.4758
1423,20241212,2024-12-12,USD,CAD,1.3247
1424,20241212,2024-12-12,EUR,CAD,1.4639
1425,20241213,2024-12-13,USD,CAD,1.3293
1426,20241213,2024-12-13,EUR,CAD,1.4724
1427,20241214,2024-12-14,USD,CAD,1.3162
1428,20241214,2024-12-14,EUR,CAD,1.4772
1429,20241215,2024-12-15,USD,CAD,1.3183
1430,20241215,2024-12-15,EUR,CAD,1.474
1431,20241216,2024-12-16,USD,CAD,1.3324
1432,20241216,2024-12-16,EUR,CAD,1.4927
1433,20241217,2024-12-17,USD,CAD,1.3279
1434,20241217,2024-12-17,EUR,CAD,1.4792
1435,20241218,2024-12-18,USD,CAD,1.3253
1436,20241218,2024-12-18,EUR,CAD,1.4592
1437,20241219,2024-12-19,USD,CAD,1.3055
1438,20241219,2024-12-19,EUR,CAD,1.4695
1439,20241220,2024-12-20,USD,CAD,1.3209
1440,20241220,2024-12-20,EUR,CAD,1.4756
1441,20241221,2024-12-21,USD,CAD,1.3429
1442,20241221,2024-12-21,EUR,CAD,1.4998
1443,20241222,2024-12-22,USD,CAD,1.3418
1444,20241222,2024-12-22,EUR,CAD,1.5087
1445,20241223,2024-12-23,USD,CAD,1.3254
1446,20241223,2024-12-23,EUR,CAD,1.497
1447,20241224,2024-12-24,USD,CAD,1.3269
1448,20241224,2024-12-24,EUR,CAD,1.485
1449,20241225,2024-12-25,USD,CAD,1.3324
1450,20241225,2024-12-25,EUR,CAD,1.5121
1451,20241226,2024-12-26,USD,CAD,1.3444
1452,20241226,2024-12-26,EUR,CAD,1.4762
1453,20241227,2024-12-27,USD,CAD,1.3395
1454,20241227,2024-12-27,EUR,CAD,1.4643
1455,20241228,2024-12-28,USD,CAD,1.3247
1456,20241228,2024-12-28,EUR,CAD,1.502
1457,20241229,2024-12-29,USD,CAD,1.3364
1458,20241229,2024-12-29,EUR,CAD,1.4832
1459,20241230,2024-12-30,USD,CAD,1.3456
1460,20241230,2024-12-30,EUR,CAD,1.4814
1461,20241231,2024-12-31,USD,CAD,1.3358
1462,20241231,2024-12-31,EUR,CAD,1.4952
1463,20250101,2025-01-01,USD,CAD,1.3307
1464,20250101,2025-01-01,EUR,CAD,1.4904
1465,20250102,2025-01-02,USD,CAD,1.3266
1466,20250102,2025-01-02,EUR,CAD,1.4954
1467,20250103,2025-01-03,USD,CAD,1.3435
1468,20250103,2025-01-03,EUR,CAD,1.4911
1469,20250104,2025-01-04,USD,CAD,1.3757
1470,20250104,2025-01-04,EUR,CAD,1.4733
1471,20250105,2025-01-05,USD,CAD,1.3244
1472,20250105,2025-01-05,EUR,CAD,1.4991
1473,20250106,2025-01-06,USD,CAD,1.357
1474,20250106,2025-01-06,EUR,CAD,1.4802
1475,20250107,2025-01-07,USD,CAD,1.3501
1476,20250107,2025-01-07,EUR,CAD,1.4842
1477,20250108,2025-01-08,USD,CAD,1.3367
1478,20250108,2025-01-08,EUR,CAD,1.5037
1479,20250109,2025-01-09,USD,CAD,1.3413
1480,20250109,2025-01-09,EUR,CAD,1.4894
1481,20250110,2025-01-10,USD,CAD,1.351
1482,20250110,2025-01-10,EUR,CAD,1.4966
1483,20250111,2025-01-11,USD,CAD,1.3571
1484,20250111,2025-01-11,EUR,CAD,1.5111
1485,20250112,2025-01-12,USD,CAD,1.3605
1486,20250112,2025-01-12,EUR,CAD,1.5075
1487,20250113,2025-01-13,USD,CAD,1.3549
1488,20250113,2025-01-13,EUR,CAD,1.5026
1489,20250114,2025-01-14,USD,CAD,1.3224
1490,20250114,2025-01-14,EUR,CAD,1.5014
1491,20250115,2025-01-15,USD,CAD,1.3718
1492,20250115,2025-01-15,EUR,CAD,1.4966
1493,20250116,2025-01-16,USD,CAD,1.3492
1494,20250116,2025-01-16,EUR,CAD,1.5131
1495,20250117,2025-01-17,USD,CAD,1.3557
1496,20250117,2025-01-17,EUR,CAD,1.5073
1497,20250118,2025-01-18,USD,CAD,1.3503
1498,20250118,2025-01-18,EUR,CAD,1.495
1499,20250119,2025-01-19,USD,CAD,1.3771
1500,20250119,2025-01-19,EUR,CAD,1.5098
1501,20250120,2025-01-20,USD,CAD,1.351
1502,20250120,2025-01-20,EUR,CAD,1.5051
1503,20250121,2025-01-21,USD,CAD,1.3454
1504,20250121,2025-01-21,EUR,CAD,1.4966
1505,20250122,2025-01-22,USD,CAD,1.3529
1506,20250122,2025-01-22,EUR,CAD,1.4969
1507,20250123,2025-01-23,USD,CAD,1.3672
1508,20250123,2025-01-23,EUR,CAD,1.4938
1509,20250124,2025-01-24,USD,CAD,1.346
1510,20250124,2025-01-24,EUR,CAD,1.4985
1511,20250125,2025-01-25,USD,CAD,1.3396
1512,20250125,2025-01-25,EUR,CAD,1.5041
1513,20250126,2025-01-26,USD,CAD,1.3451
1514,20250126,2025-01-26,EUR,CAD,1.5103
1515,20250127,2025-01-27,USD,CAD,1.3546
1516,20250127,2025-01-27,EUR,CAD,1.4867
1517,20250128,2025-01-28,USD,CAD,1.3635
1518,20250128,2025-01-28,EUR,CAD,1.5232
1519,20250129,2025-01-29,USD,CAD,1.3524
1520,20250129,2025-01-29,EUR,CAD,1.5075
1521,20250130,2025-01-30,USD,CAD,1.3518
1522,20250130,2025-01-30,EUR,CAD,1.5016
1523,20250131,2025-01-31,USD,CAD,1.3609
1524,20250131,2025-01-31,EUR,CAD,1.4667
1525,20250201,2025-02-01,USD,CAD,1.3492
1526,20250201,2025-02-01,EUR,CAD,1.5068
1527,20250202,2025-02-02,USD,CAD,1.3541
1528,20250202,2025-02-02,EUR,CAD,1.4926
1529,20250203,2025-02-03,USD,CAD,1.3629
1530,20250203,2025-02-03,EUR,CAD,1.4969
1531,20250204,2025-02-04,USD,CAD,1.3681
1532,20250204,2025-02-04,EUR,CAD,1.4979
1533,20250205,2025-02-05,USD,CAD,1.3635
1534,20250205,2025-02-05,EUR,CAD,1.5013
1535,20250206,2025-02-06,USD,CAD,1.3483
1536,20250206,2025-02-06,EUR,CAD,1.5073
1537,20250207,2025-02-07,USD,CAD,1.3935
1538,20250207,2025-02-07,EUR,CAD,1.4901
1539,20250208,2025-02-08,USD,CAD,1.3651
1540,20250208,2025-02-08,EUR,CAD,1.5169
1541,20250209,2025-02-09,USD,CAD,1.3746
1542,20250209,2025-02-09,EUR,CAD,1.5016
1543,20250210,2025-02-10,USD,CAD,1.375
1544,20250210,2025-02-10,EUR,CAD,1.5152
1545,20250211,2025-02-11,USD,CAD,1.3693
1546,20250211,2025-02-11,EUR,CAD,1.5007
1547,20250212,2025-02-12,USD,CAD,1.3476
1548,20250212,2025-02-12,EUR,CAD,1.5082
1549,20250213,2025-02-13,USD,CAD,1.3597
1550,20250213,2025-02-13,EUR,CAD,1.4997
1551,20250214,2025-02-14,USD,CAD,1.3565
1552,20250214,2025-02-14,EUR,CAD,1.5005
1553,20250215,2025-02-15,USD,CAD,1.3725
1554,20250215,2025-02-15,EUR,CAD,1.4854
1555,20250216,2025-02-16,USD,CAD,1.3858
1556,20250216,2025-02-16,EUR,CAD,1.507
1557,20250217,2025-02-17,USD,CAD,1.3539
1558,20250217,2025-02-17,EUR,CAD,1.4883
1559,20250218,2025-02-18,USD,CAD,1.3756
1560,20250218,2025-02-18,EUR,CAD,1.5137
1561,20250219,2025-02-19,USD,CAD,1.3723
1562,20250219,2025-02-19,EUR,CAD,1.4912
1563,20250220,2025-02-20,USD,CAD,1.3668
1564,20250220,2025-02-20,EUR,CAD,1.5072
1565,20250221,2025-02-21,USD,CAD,1.3905
1566,20250221,2025-02-21,EUR,CAD,1.5028
1567,20250222,2025-02-22,USD,CAD,1.3619
1568,20250222,2025-02-22,EUR,CAD,1.4897
1569,20250223,2025-02-23,USD,CAD,1.3743
1570,20250223,2025-02-23,EUR,CAD,1.4984
1571,20250224,2025-02-24,USD,CAD,1.3453
1572,20250224,2025-02-24,EUR,CAD,1.4805
1573,20250225,2025-02-25,USD,CAD,1.3427
1574,20250225,2025-02-25,EUR,CAD,1.4939
1575,20250226,2025-02-26,USD,CAD,1.3987
1576,20250226,2025-02-26,EUR,CAD,1.509
1577,20250227,2025-02-27,USD,CAD,1.3823
1578,20250227,2025-02-27,EUR,CAD,1.5057
1579,20250228,2025-02-28,USD,CAD,1.3611
1580,20250228,2025-02-28,EUR,CAD,1.4868
1581,20250301,2025-03-01,USD,CAD,1.366
1582,20250301,2025-03-01,EUR,CAD,1.5074
1583,20250302,2025-03-02,USD,CAD,1.3701
1584,20250302,2025-03-02,EUR,CAD,1.4958
1585,20250303,2025-03-03,USD,CAD,1.3579
1586,20250303,2025-03-03,EUR,CAD,1.5034
1587,20250304,2025-03-04,USD,CAD,1.3888
1588,20250304,2025-03-04,EUR,CAD,1.5078
1589,20250305,2025-03-05,USD,CAD,1.3742
1590,20250305,2025-03-05,EUR,CAD,1.4674
1591,20250306,2025-03-06,USD,CAD,1.393
1592,20250306,2025-03-06,EUR,CAD,1.5045
1593,20250307,2025-03-07,USD,CAD,1.3682
1594,20250307,2025-03-07,EUR,CAD,1.503
1595,20250308,2025-03-08,USD,CAD,1.3816
1596,20250308,2025-03-08,EUR,CAD,1.4828
1597,20250309,2025-03-09,USD,CAD,1.3698
1598,20250309,2025-03-09,EUR,CAD,1.4659
1599,20250310,2025-03-10,USD,CAD,1.382
1600,20250310,2025-03-10,EUR,CAD,1.4861
1601,20250311,2025-03-11,USD,CAD,1.3769
1602,20250311,2025-03-11,EUR,CAD,1.4978
1603,20250312,2025-03-12,USD,CAD,1.3755
1604,20250312,2025-03-12,EUR,CAD,1.5104
1605,20250313,2025-03-13,USD,CAD,1.3838
1606,20250313,2025-03-13,EUR,CAD,1.4776
1607,20250314,2025-03-14,USD,CAD,1.3872
1608,20250314,2025-03-14,EUR,CAD,1.4891
1609,20250315,2025-03-15,USD,CAD,1.3688
1610,20250315,2025-03-15,EUR,CAD,1.4772
1611,20250316,2025-03-16,USD,CAD,1.3835
1612,20250316,2025-03-16,EUR,CAD,1.4913
1613,20250317,2025-03-17,USD,CAD,1.3728
1614,20250317,2025-03-17,EUR,CAD,1.4779
1615,20250318,2025-03-18,USD,CAD,1.3696
1616,20250318,2025-03-18,EUR,CAD,1.4817
1617,20250319,2025-03-19,USD,CAD,1.3532
1618,20250319,2025-03-19,EUR,CAD,1.4828
1619,20250320,2025-03-20,USD,CAD,1.384
1620,20250320,2025-03-20,EUR,CAD,1.4822
1621,20250321,2025-03-21,USD,CAD,1.38
1622,20250321,2025-03-21,EUR,CAD,1.5131
1623,20250322,2025-03-22,USD,CAD,1.3838
1624,20250322,2025-03-22,EUR,CAD,1.4922
1625,20250323,2025-03-23,USD,CAD,1.3913
1626,20250323,2025-03-23,EUR,CAD,1.4627
1627,20250324,2025-03-24,USD,CAD,1.3754
1628,20250324,2025-03-24,EUR,CAD,1.4914
1629,20250325,2025-03-25,USD,CAD,1.3784
1630,20250325,2025-03-25,EUR,CAD,1.4779
1631,20250326,2025-03-26,USD,CAD,1.3916
1632,20250326,2025-03-26,EUR,CAD,1.4886
1633,20250327,2025-03-27,USD,CAD,1.3954
1634,20250327,2025-03-27,EUR,CAD,1.4752
1635,20250328,2025-03-28,USD,CAD,1.3995
1636,20250328,2025-03-28,EUR,CAD,1.4664
1637,20250329,2025-03-29,USD,CAD,1.3831
1638,20250329,2025-03-29,EUR,CAD,1.4891
1639,20250330,2025-03-30,USD,CAD,1.3714
1640,20250330,2025-03-30,EUR,CAD,1.4965
1641,20250331,2025-03-31,USD,CAD,1.3796
1642,20250331,2025-03-31,EUR,CAD,1.4803
1643,20250401,2025-04-01,USD,CAD,1.3802
1644,20250401,2025-04-01,EUR,CAD,1.4595
1645,20250402,2025-04-02,USD,CAD,1.3822
1646,20250402,2025-04-02,EUR,CAD,1.4716
1647,20250403,2025-04-03,USD,CAD,1.3918
1648,20250403,2025-04-03,EUR,CAD,1.4677
1649,20250404,2025-04-04,USD,CAD,1.3761
1650,20250404,2025-04-04,EUR,CAD,1.4775
1651,20250405,2025-04-05,USD,CAD,1.3814
1652,20250405,2025-04-05,EUR,CAD,1.4597
1653,20250406,2025-04-06,USD,CAD,1.3636
1654,20250406,2025-04-06,EUR,CAD,1.473
1655,20250407,2025-04-07,USD,CAD,1.3681
1656,20250407,2025-04-07,EUR,CAD,1.4892
1657,20250408,2025-04-08,USD,CAD,1.3881
1658,20250408,2025-04-08,EUR,CAD,1.4761
1659,20250409,2025-04-09,USD,CAD,1.3929
1660,20250409,2025-04-09,EUR,CAD,1.4639
1661,20250410,2025-04-10,USD,CAD,1.3895
1662,20250410,2025-04-10,EUR,CAD,1.4557
1663,20250411,2025-04-11,USD,CAD,1.3838
1664,20250411,2025-04-11,EUR,CAD,1.4605
1665,20250412,2025-04-12,USD,CAD,1.3778
1666,20250412,2025-04-12,EUR,CAD,1.4475
1667,20250413,2025-04-13,USD,CAD,1.3942
1668,20250413,2025-04-13,EUR,CAD,1.4666
1669,20250414,2025-04-14,USD,CAD,1.3727
1670,20250414,2025-04-14,EUR,CAD,1.4614
1671,20250415,2025-04-15,USD,CAD,1.3947
1672,20250415,2025-04-15,EUR,CAD,1.4655
1673,20250416,2025-04-16,USD,CAD,1.3855
1674,20250416,2025-04-16,EUR,CAD,1.4744
1675,20250417,2025-04-17,USD,CAD,1.3606
1676,20250417,2025-04-17,EUR,CAD,1.4561
1677,20250418,2025-04-18,USD,CAD,1.3819
1678,20250418,2025-04-18,EUR,CAD,1.4612
1679,20250419,2025-04-19,USD,CAD,1.3822
1680,20250419,2025-04-19,EUR,CAD,1.4837
1681,20250420,2025-04-20,USD,CAD,1.358
1682,20250420,2025-04-20,EUR,CAD,1.4613
1683,20250421,2025-04-21,USD,CAD,1.4027
1684,20250421,2025-04-21,EUR,CAD,1.4746
1685,20250422,2025-04-22,USD,CAD,1.3683
1686,20250422,2025-04-22,EUR,CAD,1.4773
1687,20250423,2025-04-23,USD,CAD,1.3644
1688,20250423,2025-04-23,EUR,CAD,1.4544
1689,20250424,2025-04-24,USD,CAD,1.3817
1690,20250424,2025-04-24,EUR,CAD,1.4606
1691,20250425,2025-04-25,USD,CAD,1.3526
1692,20250425,2025-04-25,EUR,CAD,1.4589
1693,20250426,2025-04-26,USD,CAD,1.3719
1694,20250426,2025-04-26,EUR,CAD,1.4392
1695,20250427,2025-04-27,USD,CAD,1.3785
1696,20250427,2025-04-27,EUR,CAD,1.4504
1697,20250428,2025-04-28,USD,CAD,1.3757
1698,20250428,2025-04-28,EUR,CAD,1.4457
1699,20250429,2025-04-29,USD,CAD,1.3762
1700,20250429,2025-04-29,EUR,CAD,1.4491
1701,20250430,2025-04-30,USD,CAD,1.3732
1702,20250430,2025-04-30,EUR,CAD,1.4561
1703,20250501,2025-05-01,USD,CAD,1.376
1704,20250501,2025-05-01,EUR,CAD,1.4577
1705,20250502,2025-05-02,USD,CAD,1.3774
1706,20250502,2025-05-02,EUR,CAD,1.4743
1707,20250503,2025-05-03,USD,CAD,1.3792
1708,20250503,2025-05-03,EUR,CAD,1.4494
1709,20250504,2025-05-04,USD,CAD,1.3679
1710,20250504,2025-05-04,EUR,CAD,1.4655
1711,20250505,2025-05-05,USD,CAD,1.3539
1712,20250505,2025-05-05,EUR,CAD,1.4694
1713,20250506,2025-05-06,USD,CAD,1.3927
1714,20250506,2025-05-06,EUR,CAD,1.4601
1715,20250507,2025-05-07,USD,CAD,1.3854
1716,20250507,2025-05-07,EUR,CAD,1.4401
1717,20250508,2025-05-08,USD,CAD,1.36
1718,20250508,2025-05-08,EUR,CAD,1.4431
1719,20250509,2025-05-09,USD,CAD,1.3725
1720,20250509,2025-05-09,EUR,CAD,1.4335
1721,20250510,2025-05-10,USD,CAD,1.3734
1722,20250510,2025-05-10,EUR,CAD,1.458
1723,20250511,2025-05-11,USD,CAD,1.3833
1724,20250511,2025-05-11,EUR,CAD,1.4404
1725,20250512,2025-05-12,USD,CAD,1.3684
1726,20250512,2025-05-12,EUR,CAD,1.4485
1727,20250513,2025-05-13,USD,CAD,1.383
1728,20250513,2025-05-13,EUR,CAD,1.4571
1729,20250514,2025-05-14,USD,CAD,1.3783
1730,20250514,2025-05-14,EUR,CAD,1.4306
1731,20250515,2025-05-15,USD,CAD,1.3635
1732,20250515,2025-05-15,EUR,CAD,1.4665
1733,20250516,2025-05-16,USD,CAD,1.3644
1734,20250516,2025-05-16,EUR,CAD,1.4398
1735,20250517,2025-05-17,USD,CAD,1.3674
1736,20250517,2025-05-17,EUR,CAD,1.4352
1737,20250518,2025-05-18,USD,CAD,1.3668
1738,20250518,2025-05-18,EUR,CAD,1.4533
1739,20250519,2025-05-19,USD,CAD,1.3675
1740,20250519,2025-05-19,EUR,CAD,1.4153
1741,20250520,2025-05-20,USD,CAD,1.3942
1742,20250520,2025-05-20,EUR,CAD,1.4463
1743,20250521,2025-05-21,USD,CAD,1.3656
1744,20250521,2025-05-21,EUR,CAD,1.446
1745,20250522,2025-05-22,USD,CAD,1.3638
1746,20250522,2025-05-22,EUR,CAD,1.4395
1747,20250523,2025-05-23,USD,CAD,1.3684
1748,20250523,2025-05-23,EUR,CAD,1.4253
1749,20250524,2025-05-24,USD,CAD,1.3626
1750,20250524,2025-05-24,EUR,CAD,1.4249
1751,20250525,2025-05-25,USD,CAD,1.3682
1752,20250525,2025-05-25,EUR,CAD,1.4132
1753,20250526,2025-05-26,USD,CAD,1.353
1754,20250526,2025-05-26,EUR,CAD,1.4392
1755,20250527,2025-05-27,USD,CAD,1.3704
1756,20250527,2025-05-27,EUR,CAD,1.4265
1757,20250528,2025-05-28,USD,CAD,1.3651
1758,20250528,2025-05-28,EUR,CAD,1.4162
1759,20250529,2025-05-29,USD,CAD,1.3539
1760,20250529,2025-05-29,EUR,CAD,1.4468
1761,20250530,2025-05-30,USD,CAD,1.3375
1762,20250530,2025-05-30,EUR,CAD,1.4295
1763,20250531,2025-05-31,USD,CAD,1.3632
1764,20250531,2025-05-31,EUR,CAD,1.4086
1765,20250601,2025-06-01,USD,CAD,1.383
1766,20250601,2025-06-01,EUR,CAD,1.4015
1767,20250602,2025-06-02,USD,CAD,1.3722
1768,20250602,2025-06-02,EUR,CAD,1.4404
1769,20250603,2025-06-03,USD,CAD,1.3661
1770,20250603,2025-06-03,EUR,CAD,1.4438
1771,20250604,2025-06-04,USD,CAD,1.3537
1772,20250604,2025-06-04,EUR,CAD,1.4195
1773,20250605,2025-06-05,USD,CAD,1.3495
1774,20250605,2025-06-05,EUR,CAD,1.4192
1775,20250606,2025-06-06,USD,CAD,1.3575
1776,20250606,2025-06-06,EUR,CAD,1.4221
1777,20250607,2025-06-07,USD,CAD,1.3583
1778,20250607,2025-06-07,EUR,CAD,1.4012
1779,20250608,2025-06-08,USD,CAD,1.3506
1780,20250608,2025-06-08,EUR,CAD,1.4212
1781,20250609,2025-06-09,USD,CAD,1.3534
1782,20250609,2025-06-09,EUR,CAD,1.438
1783,20250610,2025-06-10,USD,CAD,1.3504
1784,20250610,2025-06-10,EUR,CAD,1.415
1785,20250611,2025-06-11,USD,CAD,1.3438
1786,20250611,2025-06-11,EUR,CAD,1.3875
1787,20250612,2025-06-12,USD,CAD,1.341
1788,20250612,2025-06-12,EUR,CAD,1.4175
1789,20250613,2025-06-13,USD,CAD,1.3511
1790,20250613,2025-06-13,EUR,CAD,1.4396
1791,20250614,2025-06-14,USD,CAD,1.3449
1792,20250614,2025-06-14,EUR,CAD,1.4127
1793,20250615,2025-06-15,USD,CAD,1.3571
1794,20250615,2025-06-15,EUR,CAD,1.4222
1795,20250616,2025-06-16,USD,CAD,1.3342
1796,20250616,2025-06-16,EUR,CAD,1.4242
1797,20250617,2025-06-17,USD,CAD,1.3547
1798,20250617,2025-06-17,EUR,CAD,1.4275
1799,20250618,2025-06-18,USD,CAD,1.3425
1800,20250618,2025-06-18,EUR,CAD,1.4026
1801,20250619,2025-06-19,USD,CAD,1.3609
1802,20250619,2025-06-19,EUR,CAD,1.3866
1803,20250620,2025-06-20,USD,CAD,1.3413
1804,20250620,2025-06-20,EUR,CAD,1.411
1805,20250621,2025-06-21,USD,CAD,1.3432
1806,20250621,2025-06-21,EUR,CAD,1.3868
1807,20250622,2025-06-22,USD,CAD,1.3547
1808,20250622,2025-06-22,EUR,CAD,1.419
1809,20250623,2025-06-23,USD,CAD,1.3446
1810,20250623,2025-06-23,EUR,CAD,1.3932
1811,20250624,2025-06-24,USD,CAD,1.3327
1812,20250624,2025-06-24,EUR,CAD,1.4084
1813,20250625,2025-06-25,USD,CAD,1.3417
1814,20250625,2025-06-25,EUR,CAD,1.4215
1815,20250626,2025-06-26,USD,CAD,1.346
1816,20250626,2025-06-26,EUR,CAD,1.4022
1817,20250627,2025-06-27,USD,CAD,1.3562
1818,20250627,2025-06-27,EUR,CAD,1.3905
1819,20250628,2025-06-28,USD,CAD,1.3418
1820,20250628,2025-06-28,EUR,CAD,1.4055
1821,20250629,2025-06-29,USD,CAD,1.3237
1822,20250629,2025-06-29,EUR,CAD,1.412
1823,20250630,2025-06-30,USD,CAD,1.3489
1824,20250630,2025-06-30,EUR,CAD,1.3935
1825,20250701,2025-07-01,USD,CAD,1.3407
1826,20250701,2025-07-01,EUR,CAD,1.3872
1827,20250702,2025-07-02,USD,CAD,1.3535
1828,20250702,2025-07-02,EUR,CAD,1.41
1829,20250703,2025-07-03,USD,CAD,1.326
1830,20250703,2025-07-03,EUR,CAD,1.4122
1831,20250704,2025-07-04,USD,CAD,1.3358
1832,20250704,2025-07-04,EUR,CAD,1.3998
1833,20250705,2025-07-05,USD,CAD,1.3503
1834,20250705,2025-07-05,EUR,CAD,1.4182
1835,20250706,2025-07-06,USD,CAD,1.3319
1836,20250706,2025-07-06,EUR,CAD,1.4218
1837,20250707,2025-07-07,USD,CAD,1.3548
1838,20250707,2025-07-07,EUR,CAD,1.3997
1839,20250708,2025-07-08,USD,CAD,1.3392
1840,20250708,2025-07-08,EUR,CAD,1.4156
1841,20250709,2025-07-09,USD,CAD,1.3463
1842,20250709,2025-07-09,EUR,CAD,1.3996
1843,20250710,2025-07-10,USD,CAD,1.333
1844,20250710,2025-07-10,EUR,CAD,1.4244
1845,20250711,2025-07-11,USD,CAD,1.3342
1846,20250711,2025-07-11,EUR,CAD,1.4166
1847,20250712,2025-07-12,USD,CAD,1.3446
1848,20250712,2025-07-12,EUR,CAD,1.3901
1849,20250713,2025-07-13,USD,CAD,1.3301
1850,20250713,2025-07-13,EUR,CAD,1.3809
1851,20250714,2025-07-14,USD,CAD,1.3382
1852,20250714,2025-07-14,EUR,CAD,1.4073
1853,20250715,2025-07-15,USD,CAD,1.3241
1854,20250715,2025-07-15,EUR,CAD,1.3839
1855,20250716,2025-07-16,USD,CAD,1.3222
1856,20250716,2025-07-16,EUR,CAD,1.3922
1857,20250717,2025-07-17,USD,CAD,1.333
1858,20250717,2025-07-17,EUR,CAD,1.4066
1859,20250718,2025-07-18,USD,CAD,1.3188
1860,20250718,2025-07-18,EUR,CAD,1.4098
1861,20250719,2025-07-19,USD,CAD,1.3243
1862,20250719,2025-07-19,EUR,CAD,1.4012
1863,20250720,2025-07-20,USD,CAD,1.3327
1864,20250720,2025-07-20,EUR,CAD,1.4008
1865,20250721,2025-07-21,USD,CAD,1.3229
1866,20250721,2025-07-21,EUR,CAD,1.4184
1867,20250722,2025-07-22,USD,CAD,1.3259
1868,20250722,2025-07-22,EUR,CAD,1.3833
1869,20250723,2025-07-23,USD,CAD,1.3281
1870,20250723,2025-07-23,EUR,CAD,1.3867
1871,20250724,2025-07-24,USD,CAD,1.3311
1872,20250724,2025-07-24,EUR,CAD,1.4123
1873,20250725,2025-07-25,USD,CAD,1.3131
1874,20250725,2025-07-25,EUR,CAD,1.4225
1875,20250726,2025-07-26,USD,CAD,1.3499
1876,20250726,2025-07-26,EUR,CAD,1.4029
1877,20250727,2025-07-27,USD,CAD,1.3271
1878,20250727,2025-07-27,EUR,CAD,1.4064
1879,20250728,2025-07-28,USD,CAD,1.3073
1880,20250728,2025-07-28,EUR,CAD,1.3965
1881,20250729,2025-07-29,USD,CAD,1.3178
1882,20250729,2025-07-29,EUR,CAD,1.4151
1883,20250730,2025-07-30,USD,CAD,1.3275
1884,20250730,2025-07-30,EUR,CAD,1.4115
1885,20250731,2025-07-31,USD,CAD,1.3131
1886,20250731,2025-07-31,EUR,CAD,1.392
1887,20250801,2025-08-01,USD,CAD,1.3166
1888,20250801,2025-08-01,EUR,CAD,1.3886
1889,20250802,2025-08-02,USD,CAD,1.323
1890,20250802,2025-08-02,EUR,CAD,1.4176
1891,20250803,2025-08-03,USD,CAD,1.3323
1892,20250803,2025-08-03,EUR,CAD,1.4052
1893,20250804,2025-08-04,USD,CAD,1.3213
1894,20250804,2025-08-04,EUR,CAD,1.4003
1895,20250805,2025-08-05,USD,CAD,1.3271
1896,20250805,2025-08-05,EUR,CAD,1.4127
1897,20250806,2025-08-06,USD,CAD,1.3224
1898,20250806,2025-08-06,EUR,CAD,1.3928
1899,20250807,2025-08-07,USD,CAD,1.3192
1900,20250807,2025-08-07,EUR,CAD,1.4015
1901,20250808,2025-08-08,USD,CAD,1.313
1902,20250808,2025-08-08,EUR,CAD,1.3824
1903,20250809,2025-08-09,USD,CAD,1.3268
1904,20250809,2025-08-09,EUR,CAD,1.3904
1905,20250810,2025-08-10,USD,CAD,1.3198
1906,20250810,2025-08-10,EUR,CAD,1.3892
1907,20250811,2025-08-11,USD,CAD,1.3109
1908,20250811,2025-08-11,EUR,CAD,1.3938
1909,20250812,2025-08-12,USD,CAD,1.3178
1910,20250812,2025-08-12,EUR,CAD,1.3874
1911,20250813,2025-08-13,USD,CAD,1.3282
1912,20250813,2025-08-13,EUR,CAD,1.4098
1913,20250814,2025-08-14,USD,CAD,1.3119
1914,20250814,2025-08-14,EUR,CAD,1.4067
1915,20250815,2025-08-15,USD,CAD,1.3244
1916,20250815,2025-08-15,EUR,CAD,1.4035
1917,20250816,2025-08-16,USD,CAD,1.3208
1918,20250816,2025-08-16,EUR,CAD,1.4105
1919,20250817,2025-08-17,USD,CAD,1.2946
1920,20250817,2025-08-17,EUR,CAD,1.3966
1921,20250818,2025-08-18,USD,CAD,1.3235
1922,20250818,2025-08-18,EUR,CAD,1.4
1923,20250819,2025-08-19,USD,CAD,1.3125
1924,20250819,2025-08-19,EUR,CAD,1.3963
1925,20250820,2025-08-20,USD,CAD,1.3096
1926,20250820,2025-08-20,EUR,CAD,1.4043
1927,20250821,2025-08-21,USD,CAD,1.3015
1928,20250821,2025-08-21,EUR,CAD,1.4207
1929,20250822,2025-08-22,USD,CAD,1.3101
1930,20250822,2025-08-22,EUR,CAD,1.4268
1931,20250823,2025-08-23,USD,CAD,1.294
1932,20250823,2025-08-23,EUR,CAD,1.4138
1933,20250824,2025-08-24,USD,CAD,1.3165
1934,20250824,2025-08-24,EUR,CAD,1.3886
1935,20250825,2025-08-25,USD,CAD,1.2965
1936,20250825,2025-08-25,EUR,CAD,1.4016
1937,20250826,2025-08-26,USD,CAD,1.3064
1938,20250826,2025-08-26,EUR,CAD,1.4053
1939,20250827,2025-08-27,USD,CAD,1.3112
1940,20250827,2025-08-27,EUR,CAD,1.3887
1941,20250828,2025-08-28,USD,CAD,1.3025
1942,20250828,2025-08-28,EUR,CAD,1.3942
1943,20250829,2025-08-29,USD,CAD,1.315
1944,20250829,2025-08-29,EUR,CAD,1.391
1945,20250830,2025-08-30,USD,CAD,1.3114
1946,20250830,2025-08-30,EUR,CAD,1.3863
1947,20250831,2025-08-31,USD,CAD,1.297
1948,20250831,2025-08-31,EUR,CAD,1.409
1949,20250901,2025-09-01,USD,CAD,1.3011
1950,20250901,2025-09-01,EUR,CAD,1.4206
1951,20250902,2025-09-02,USD,CAD,1.3064
1952,20250902,2025-09-02,EUR,CAD,1.4069
1953,20250903,2025-09-03,USD,CAD,1.3019
1954,20250903,2025-09-03,EUR,CAD,1.3912
1955,20250904,2025-09-04,USD,CAD,1.2876
1956,20250904,2025-09-04,EUR,CAD,1.4083
1957,20250905,2025-09-05,USD,CAD,1.2904
1958,20250905,2025-09-05,EUR,CAD,1.4165
1959,20250906,2025-09-06,USD,CAD,1.3135
1960,20250906,2025-09-06,EUR,CAD,1.4225
1961,20250907,2025-09-07,USD,CAD,1.3008
1962,20250907,2025-09-07,EUR,CAD,1.3831
1963,20250908,2025-09-08,USD,CAD,1.2974
1964,20250908,2025-09-08,EUR,CAD,1.4088
1965,20250909,2025-09-09,USD,CAD,1.2831
1966,20250909,2025-09-09,EUR,CAD,1.4265
1967,20250910,2025-09-10,USD,CAD,1.3002
1968,20250910,2025-09-10,EUR,CAD,1.4216
1969,20250911,2025-09-11,USD,CAD,1.3066
1970,20250911,2025-09-11,EUR,CAD,1.4066
1971,20250912,2025-09-12,USD,CAD,1.2859
1972,20250912,2025-09-12,EUR,CAD,1.4189
1973,20250913,2025-09-13,USD,CAD,1.3098
1974,20250913,2025-09-13,EUR,CAD,1.4207
1975,20250914,2025-09-14,USD,CAD,1.3025
1976,20250914,2025-09-14,EUR,CAD,1.403
1977,20250915,2025-09-15,USD,CAD,1.289
1978,20250915,2025-09-15,EUR,CAD,1.3911
1979,20250916,2025-09-16,USD,CAD,1.3104
1980,20250916,2025-09-16,EUR,CAD,1.4104
1981,20250917,2025-09-17,USD,CAD,1.3181
1982,20250917,2025-09-17,EUR,CAD,1.4328
1983,20250918,2025-09-18,USD,CAD,1.3065
1984,20250918,2025-09-18,EUR,CAD,1.4317
1985,20250919,2025-09-19,USD,CAD,1.2829
1986,20250919,2025-09-19,EUR,CAD,1.4206
1987,20250920,2025-09-20,USD,CAD,1.2891
1988,20250920,2025-09-20,EUR,CAD,1.4366
1989,20250921,2025-09-21,USD,CAD,1.2988
1990,20250921,2025-09-21,EUR,CAD,1.4521
1991,20250922,2025-09-22,USD,CAD,1.2998
1992,20250922,2025-09-22,EUR,CAD,1.4152
1993,20250923,2025-09-23,USD,CAD,1.3184
1994,20250923,2025-09-23,EUR,CAD,1.4155
1995,20250924,2025-09-24,USD,CAD,1.3054
1996,20250924,2025-09-24,EUR,CAD,1.4251
1997,20250925,2025-09-25,USD,CAD,1.2891
1998,20250925,2025-09-25,EUR,CAD,1.4151
1999,20250926,2025-09-26,USD,CAD,1.2931
2000,20250926,2025-09-26,EUR,CAD,1.4143
2001,20250927,2025-09-27,USD,CAD,1.2999
2002,20250927,2025-09-27,EUR,CAD,1.4155
2003,20250928,2025-09-28,USD,CAD,1.2868
2004,20250928,2025-09-28,EUR,CAD,1.4055
2005,20250929,2025-09-29,USD,CAD,1.3015
2006,20250929,2025-09-29,EUR,CAD,1.4114
2007,20250930,2025-09-30,USD,CAD,1.2992
2008,20250930,2025-09-30,EUR,CAD,1.4332
2009,20251001,2025-10-01,USD,CAD,1.2858
2010,20251001,2025-10-01,EUR,CAD,1.4202
2011,20251002,2025-10-02,USD,CAD,1.2953
2012,20251002,2025-10-02,EUR,CAD,1.411
2013,20251003,2025-10-03,USD,CAD,1.2972
2014,20251003,2025-10-03,EUR,CAD,1.4463
2015,20251004,2025-10-04,USD,CAD,1.3098
2016,20251004,2025-10-04,EUR,CAD,1.4411
2017,20251005,2025-10-05,USD,CAD,1.2974
2018,20251005,2025-10-05,EUR,CAD,1.4365
2019,20251006,2025-10-06,USD,CAD,1.3084
2020,20251006,2025-10-06,EUR,CAD,1.412
2021,20251007,2025-10-07,USD,CAD,1.2819
2022,20251007,2025-10-07,EUR,CAD,1.4232
2023,20251008,2025-10-08,USD,CAD,1.3126
2024,20251008,2025-10-08,EUR,CAD,1.4217
2025,20251009,2025-10-09,USD,CAD,1.3014
2026,20251009,2025-10-09,EUR,CAD,1.4353
2027,20251010,2025-10-10,USD,CAD,1.3021
2028,20251010,2025-10-10,EUR,CAD,1.4414
2029,20251011,2025-10-11,USD,CAD,1.2988
2030,20251011,2025-10-11,EUR,CAD,1.43
2031,20251012,2025-10-12,USD,CAD,1.3123
2032,20251012,2025-10-12,EUR,CAD,1.4113
2033,20251013,2025-10-13,USD,CAD,1.308
2034,20251013,2025-10-13,EUR,CAD,1.4258
2035,20251014,2025-10-14,USD,CAD,1.3077
2036,20251014,2025-10-14,EUR,CAD,1.4258
2037,20251015,2025-10-15,USD,CAD,1.311
2038,20251015,2025-10-15,EUR,CAD,1.4437
2039,20251016,2025-10-16,USD,CAD,1.3026
2040,20251016,2025-10-16,EUR,CAD,1.4351
2041,20251017,2025-10-17,USD,CAD,1.2908
2042,20251017,2025-10-17,EUR,CAD,1.439
2043,20251018,2025-10-18,USD,CAD,1.3021
2044,20251018,2025-10-18,EUR,CAD,1.4429
2045,20251019,2025-10-19,USD,CAD,1.2938
2046,20251019,2025-10-19,EUR,CAD,1.4465
2047,20251020,2025-10-20,USD,CAD,1.3073
2048,20251020,2025-10-20,EUR,CAD,1.44
2049,20251021,2025-10-21,USD,CAD,1.2796
2050,20251021,2025-10-21,EUR,CAD,1.4419
2051,20251022,2025-10-22,USD,CAD,1.3012
2052,20251022,2025-10-22,EUR,CAD,1.433
2053,20251023,2025-10-23,USD,CAD,1.3103
2054,20251023,2025-10-23,EUR,CAD,1.4374
2055,20251024,2025-10-24,USD,CAD,1.3108
2056,20251024,2025-10-24,EUR,CAD,1.4095
2057,20251025,2025-10-25,USD,CAD,1.3004
2058,20251025,2025-10-25,EUR,CAD,1.4519
2059,20251026,2025-10-26,USD,CAD,1.324
2060,20251026,2025-10-26,EUR,CAD,1.4316
2061,20251027,2025-10-27,USD,CAD,1.2958
2062,20251027,2025-10-27,EUR,CAD,1.4341
2063,20251028,2025-10-28,USD,CAD,1.2965
2064,20251028,2025-10-28,EUR,CAD,1.4488
2065,20251029,2025-10-29,USD,CAD,1.3048
2066,20251029,2025-10-29,EUR,CAD,1.4601
2067,20251030,2025-10-30,USD,CAD,1.3053
2068,20251030,2025-10-30,EUR,CAD,1.4377
2069,20251031,2025-10-31,USD,CAD,1.3061
2070,20251031,2025-10-31,EUR,CAD,1.4532
2071,20251101,2025-11-01,USD,CAD,1.3135
2072,20251101,2025-11-01,EUR,CAD,1.4416
2073,20251102,2025-11-02,USD,CAD,1.318
2074,20251102,2025-11-02,EUR,CAD,1.459
2075,20251103,2025-11-03,USD,CAD,1.2974
2076,20251103,2025-11-03,EUR,CAD,1.4392
2077,20251104,2025-11-04,USD,CAD,1.3144
2078,20251104,2025-11-04,EUR,CAD,1.4355
2079,20251105,2025-11-05,USD,CAD,1.321
2080,20251105,2025-11-05,EUR,CAD,1.4583
2081,20251106,2025-11-06,USD,CAD,1.3092
2082,20251106,2025-11-06,EUR,CAD,1.4543
2083,20251107,2025-11-07,USD,CAD,1.3108
2084,20251107,2025-11-07,EUR,CAD,1.4542
2085,20251108,2025-11-08,USD,CAD,1.3115
2086,20251108,2025-11-08,EUR,CAD,1.4422
2087,20251109,2025-11-09,USD,CAD,1.3064
2088,20251109,2025-11-09,EUR,CAD,1.4612
2089,20251110,2025-11-10,USD,CAD,1.3037
2090,20251110,2025-11-10,EUR,CAD,1.4692
2091,20251111,2025-11-11,USD,CAD,1.3041
2092,20251111,2025-11-11,EUR,CAD,1.4489
2093,20251112,2025-11-12,USD,CAD,1.3178
2094,20251112,2025-11-12,EUR,CAD,1.4558
2095,20251113,2025-11-13,USD,CAD,1.3081
2096,20251113,2025-11-13,EUR,CAD,1.4626
2097,20251114,2025-11-14,USD,CAD,1.3067
2098,20251114,2025-11-14,EUR,CAD,1.4517
2099,20251115,2025-11-15,USD,CAD,1.3059
2100,20251115,2025-11-15,EUR,CAD,1.4415
2101,20251116,2025-11-16,USD,CAD,1.3219
2102,20251116,2025-11-16,EUR,CAD,1.4505
2103,20251117,2025-11-17,USD,CAD,1.3098
2104,20251117,2025-11-17,EUR,CAD,1.4681
2105,20251118,2025-11-18,USD,CAD,1.3205
2106,20251118,2025-11-18,EUR,CAD,1.485
2107,20251119,2025-11-19,USD,CAD,1.3297
2108,20251119,2025-11-19,EUR,CAD,1.4587
2109,20251120,2025-11-20,USD,CAD,1.3055
2110,20251120,2025-11-20,EUR,CAD,1.4574
2111,20251121,2025-11-21,USD,CAD,1.3039
2112,20251121,2025-11-21,EUR,CAD,1.4487
2113,20251122,2025-11-22,USD,CAD,1.315
2114,20251122,2025-11-22,EUR,CAD,1.486
2115,20251123,2025-11-23,USD,CAD,1.305
2116,20251123,2025-11-23,EUR,CAD,1.4725
2117,20251124,2025-11-24,USD,CAD,1.3222
2118,20251124,2025-11-24,EUR,CAD,1.4546
2119,20251125,2025-11-25,USD,CAD,1.3076
2120,20251125,2025-11-25,EUR,CAD,1.4774
2121,20251126,2025-11-26,USD,CAD,1.3163
2122,20251126,2025-11-26,EUR,CAD,1.4792
2123,20251127,2025-11-27,USD,CAD,1.3024
2124,20251127,2025-11-27,EUR,CAD,1.4863
2125,20251128,2025-11-28,USD,CAD,1.3217
2126,20251128,2025-11-28,EUR,CAD,1.4616
2127,20251129,2025-11-29,USD,CAD,1.3206
2128,20251129,2025-11-29,EUR,CAD,1.4765
2129,20251130,2025-11-30,USD,CAD,1.3229
2130,20251130,2025-11-30,EUR,CAD,1.4588
2131,20251201,2025-12-01,USD,CAD,1.339
2132,20251201,2025-12-01,EUR,CAD,1.4584
2133,20251202,2025-12-02,USD,CAD,1.3143
2134,20251202,2025-12-02,EUR,CAD,1.4892
2135,20251203,2025-12-03,USD,CAD,1.3329
2136,20251203,2025-12-03,EUR,CAD,1.468
2137,20251204,2025-12-04,USD,CAD,1.3208
2138,20251204,2025-12-04,EUR,CAD,1.4707
2139,20251205,2025-12-05,USD,CAD,1.3332
2140,20251205,2025-12-05,EUR,CAD,1.4777
2141,20251206,2025-12-06,USD,CAD,1.3223
2142,20251206,2025-12-06,EUR,CAD,1.4752
2143,20251207,2025-12-07,USD,CAD,1.3233
2144,20251207,2025-12-07,EUR,CAD,1.4673
2145,20251208,2025-12-08,USD,CAD,1.3276
2146,20251208,2025-12-08,EUR,CAD,1.4557
2147,20251209,2025-12-09,USD,CAD,1.3301
2148,20251209,2025-12-09,EUR,CAD,1.48
2149,20251210,2025-12-10,USD,CAD,1.3169
2150,20251210,2025-12-10,EUR,CAD,1.4605
2151,20251211,2025-12-11,USD,CAD,1.3168
2152,20251211,2025-12-11,EUR,CAD,1.4816
2153,20251212,2025-12-12,USD,CAD,1.3227
2154,20251212,2025-12-12,EUR,CAD,1.49
2155,20251213,2025-12-13,USD,CAD,1.3234
2156,20251213,2025-12-13,EUR,CAD,1.4532
2157,20251214,2025-12-14,USD,CAD,1.3339
2158,20251214,2025-12-14,EUR,CAD,1.4849
2159,20251215,2025-12-15,USD,CAD,1.3122
2160,20251215,2025-12-15,EUR,CAD,1.4707
2161,20251216,2025-12-16,USD,CAD,1.3283
2162,20251216,2025-12-16,EUR,CAD,1.487
2163,20251217,2025-12-17,USD,CAD,1.3565
2164,20251217,2025-12-17,EUR,CAD,1.476
2165,20251218,2025-12-18,USD,CAD,1.3247
2166,20251218,2025-12-18,EUR,CAD,1.4538
2167,20251219,2025-12-19,USD,CAD,1.3257
2168,20251219,2025-12-19,EUR,CAD,1.4816
2169,20251220,2025-12-20,USD,CAD,1.3235
2170,20251220,2025-12-20,EUR,CAD,1.4879
2171,20251221,2025-12-21,USD,CAD,1.3354
2172,20251221,2025-12-21,EUR,CAD,1.5063
2173,20251222,2025-12-22,USD,CAD,1.3431
2174,20251222,2025-12-22,EUR,CAD,1.4751
2175,20251223,2025-12-23,USD,CAD,1.3465
2176,20251223,2025-12-23,EUR,CAD,1.4892
2177,20251224,2025-12-24,USD,CAD,1.3344
2178,20251224,2025-12-24,EUR,CAD,1.497
2179,20251225,2025-12-25,USD,CAD,1.3253
2180,20251225,2025-12-25,EUR,CAD,1.4926
2181,20251226,2025-12-26,USD,CAD,1.3483
2182,20251226,2025-12-26,EUR,CAD,1.4851
2183,20251227,2025-12-27,USD,CAD,1.3507
2184,20251227,2025-12-27,EUR,CAD,1.4829
2185,20251228,2025-12-28,USD,CAD,1.3501
2186,20251228,2025-12-28,EUR,CAD,1.4784
2187,20251229,2025-12-29,USD,CAD,1.3353
2188,20251229,2025-12-29,EUR,CAD,1.4912
2189,20251230,2025-12-30,USD,CAD,1.3535
2190,20251230,2025-12-30,EUR,CAD,1.5184
2191,20251231,2025-12-31,USD,CAD,1.3493
2192,20251231,2025-12-31,EUR,CAD,1.4965
